Species,Date,Day,Temp,CO2,Water,Potnum,SWC
E. radiata,2012/03/25,0,Elv,640,Wet,301,25.40
E. radiata,2012/03/25,0,Elv,640,Wet,302,25.40
E. radiata,2012/03/25,0,Elv,640,Dry,303,25.40
E. radiata,2012/03/25,0,Elv,640,Dry,305,25.40
E. radiata,2012/03/25,0,Elv,640,Dry,306,25.40
E. radiata,2012/03/25,0,Elv,640,Wet,307,25.40
E. radiata,2012/03/25,0,Elv,640,Wet,308,25.40
E. radiata,2012/03/25,0,Elv,640,Dry,309,25.40
E. radiata,2012/03/25,0,Elv,640,Wet,310,25.40
E. radiata,2012/03/25,0,Elv,640,Wet,311,25.40
E. radiata,2012/03/25,0,Elv,640,Dry,312,25.40
E. radiata,2012/03/25,0,Elv,640,Dry,313,25.40
E. radiata,2012/03/25,0,Elv,640,Dry,314,25.40
E. radiata,2012/03/25,0,Elv,640,Dry,317,25.40
E. radiata,2012/03/25,0,Elv,640,Dry,318,25.40
E. radiata,2012/03/25,0,Elv,640,Dry,319,25.40
E. radiata,2012/03/25,0,Elv,640,Wet,320,25.40
E. radiata,2012/03/25,0,Elv,400,Wet,401,25.40
E. radiata,2012/03/25,0,Elv,400,Wet,403,25.40
E. radiata,2012/03/25,0,Elv,400,Dry,404,25.40
E. radiata,2012/03/25,0,Elv,400,Wet,405,25.40
E. radiata,2012/03/25,0,Elv,400,Dry,406,25.40
E. radiata,2012/03/25,0,Elv,400,Dry,407,25.40
E. radiata,2012/03/25,0,Elv,400,Wet,408,25.40
E. radiata,2012/03/25,0,Elv,400,Dry,409,25.40
E. radiata,2012/03/25,0,Elv,400,Wet,410,25.40
E. radiata,2012/03/25,0,Elv,400,Dry,411,25.40
E. radiata,2012/03/25,0,Elv,400,Dry,412,25.40
E. radiata,2012/03/25,0,Elv,400,Dry,414,25.40
E. radiata,2012/03/25,0,Elv,400,Wet,415,25.40
E. radiata,2012/03/25,0,Elv,400,Wet,416,25.40
E. radiata,2012/03/25,0,Elv,400,Dry,417,25.40
E. radiata,2012/03/25,0,Elv,400,Dry,419,25.40
E. radiata,2012/03/25,0,Elv,400,Dry,420,25.40
E. radiata,2012/03/25,0,Amb,400,Wet,501,25.40
E. radiata,2012/03/25,0,Amb,400,Dry,502,25.40
E. radiata,2012/03/25,0,Amb,400,Dry,504,25.40
E. radiata,2012/03/25,0,Amb,400,Dry,506,25.40
E. radiata,2012/03/25,0,Amb,400,Wet,507,25.40
E. radiata,2012/03/25,0,Amb,400,Dry,508,25.40
E. radiata,2012/03/25,0,Amb,400,Dry,509,25.40
E. radiata,2012/03/25,0,Amb,400,Dry,510,25.40
E. radiata,2012/03/25,0,Amb,400,Wet,511,25.40
E. radiata,2012/03/25,0,Amb,400,Wet,512,25.40
E. radiata,2012/03/25,0,Amb,400,Dry,513,25.40
E. radiata,2012/03/25,0,Amb,400,Wet,515,25.40
E. radiata,2012/03/25,0,Amb,400,Wet,516,25.40
E. radiata,2012/03/25,0,Amb,400,Dry,517,25.40
E. radiata,2012/03/25,0,Amb,400,Dry,518,25.40
E. radiata,2012/03/25,0,Amb,400,Dry,519,25.40
E. radiata,2012/03/25,0,Amb,400,Wet,520,25.40
E. radiata,2012/03/25,0,Amb,640,Dry,601,25.40
E. radiata,2012/03/25,0,Amb,640,Wet,602,25.40
E. radiata,2012/03/25,0,Amb,640,Wet,603,25.40
E. radiata,2012/03/25,0,Amb,640,Dry,604,25.40
E. radiata,2012/03/25,0,Amb,640,Wet,605,25.40
E. radiata,2012/03/25,0,Amb,640,Wet,606,25.40
E. radiata,2012/03/25,0,Amb,640,Dry,607,25.40
E. radiata,2012/03/25,0,Amb,640,Dry,608,25.40
E. radiata,2012/03/25,0,Amb,640,Wet,609,25.40
E. radiata,2012/03/25,0,Amb,640,Dry,610,25.40
E. radiata,2012/03/25,0,Amb,640,Dry,611,25.40
E. radiata,2012/03/25,0,Amb,640,Dry,614,25.40
E. radiata,2012/03/25,0,Amb,640,Dry,615,25.40
E. radiata,2012/03/25,0,Amb,640,Wet,616,25.40
E. radiata,2012/03/25,0,Amb,640,Dry,618,25.40
E. radiata,2012/03/25,0,Amb,640,Wet,619,25.40
E. radiata,2012/03/25,0,Amb,640,Dry,620,25.40
E. radiata,2012/03/30,5,Elv,640,Wet,301,18.39
E. radiata,2012/03/30,5,Elv,640,Wet,302,18.23
E. radiata,2012/03/30,5,Elv,640,Dry,303,16.89
E. radiata,2012/03/30,5,Elv,640,Dry,305,16.30
E. radiata,2012/03/30,5,Elv,640,Dry,306,17.22
E. radiata,2012/03/30,5,Elv,640,Wet,307,17.96
E. radiata,2012/03/30,5,Elv,640,Wet,308,17.96
E. radiata,2012/03/30,5,Elv,640,Dry,309,18.10
E. radiata,2012/03/30,5,Elv,640,Wet,310,16.61
E. radiata,2012/03/30,5,Elv,640,Wet,311,19.39
E. radiata,2012/03/30,5,Elv,640,Dry,312,20.33
E. radiata,2012/03/30,5,Elv,640,Dry,313,15.95
E. radiata,2012/03/30,5,Elv,640,Dry,314,19.39
E. radiata,2012/03/30,5,Elv,640,Dry,317,17.71
E. radiata,2012/03/30,5,Elv,640,Dry,318,17.75
E. radiata,2012/03/30,5,Elv,640,Dry,319,15.71
E. radiata,2012/03/30,5,Elv,640,Wet,320,18.85
E. radiata,2012/03/30,5,Elv,400,Wet,401,18.63
E. radiata,2012/03/30,5,Elv,400,Wet,403,18.85
E. radiata,2012/03/30,5,Elv,400,Dry,404,17.66
E. radiata,2012/03/30,5,Elv,400,Wet,405,18.53
E. radiata,2012/03/30,5,Elv,400,Dry,406,17.17
E. radiata,2012/03/30,5,Elv,400,Dry,407,16.30
E. radiata,2012/03/30,5,Elv,400,Wet,408,18.95
E. radiata,2012/03/30,5,Elv,400,Dry,409,16.23
E. radiata,2012/03/30,5,Elv,400,Wet,410,17.46
E. radiata,2012/03/30,5,Elv,400,Dry,411,17.37
E. radiata,2012/03/30,5,Elv,400,Dry,412,17.75
E. radiata,2012/03/30,5,Elv,400,Dry,414,17.37
E. radiata,2012/03/30,5,Elv,400,Wet,415,17.36
E. radiata,2012/03/30,5,Elv,400,Wet,416,19.24
E. radiata,2012/03/30,5,Elv,400,Dry,417,15.77
E. radiata,2012/03/30,5,Elv,400,Dry,419,17.98
E. radiata,2012/03/30,5,Elv,400,Dry,420,19.16
E. radiata,2012/03/30,5,Amb,400,Wet,501,18.66
E. radiata,2012/03/30,5,Amb,400,Dry,502,18.63
E. radiata,2012/03/30,5,Amb,400,Dry,504,17.47
E. radiata,2012/03/30,5,Amb,400,Dry,506,19.39
E. radiata,2012/03/30,5,Amb,400,Wet,507,19.78
E. radiata,2012/03/30,5,Amb,400,Dry,508,17.98
E. radiata,2012/03/30,5,Amb,400,Dry,509,18.35
E. radiata,2012/03/30,5,Amb,400,Dry,510,19.00
E. radiata,2012/03/30,5,Amb,400,Wet,511,19.80
E. radiata,2012/03/30,5,Amb,400,Wet,512,19.53
E. radiata,2012/03/30,5,Amb,400,Dry,513,18.06
E. radiata,2012/03/30,5,Amb,400,Wet,515,20.21
E. radiata,2012/03/30,5,Amb,400,Wet,516,17.84
E. radiata,2012/03/30,5,Amb,400,Dry,517,19.78
E. radiata,2012/03/30,5,Amb,400,Dry,518,19.76
E. radiata,2012/03/30,5,Amb,400,Dry,519,18.13
E. radiata,2012/03/30,5,Amb,400,Wet,520,20.77
E. radiata,2012/03/30,5,Amb,640,Dry,601,19.88
E. radiata,2012/03/30,5,Amb,640,Wet,602,20.80
E. radiata,2012/03/30,5,Amb,640,Wet,603,19.64
E. radiata,2012/03/30,5,Amb,640,Dry,604,18.92
E. radiata,2012/03/30,5,Amb,640,Wet,605,20.16
E. radiata,2012/03/30,5,Amb,640,Wet,606,17.37
E. radiata,2012/03/30,5,Amb,640,Dry,607,17.89
E. radiata,2012/03/30,5,Amb,640,Dry,608,19.12
E. radiata,2012/03/30,5,Amb,640,Wet,609,19.75
E. radiata,2012/03/30,5,Amb,640,Dry,610,19.32
E. radiata,2012/03/30,5,Amb,640,Dry,611,19.40
E. radiata,2012/03/30,5,Amb,640,Dry,614,21.36
E. radiata,2012/03/30,5,Amb,640,Dry,615,18.57
E. radiata,2012/03/30,5,Amb,640,Wet,616,20.21
E. radiata,2012/03/30,5,Amb,640,Dry,618,20.81
E. radiata,2012/03/30,5,Amb,640,Wet,619,19.75
E. radiata,2012/03/30,5,Amb,640,Dry,620,18.89
E. radiata,2012/04/01,7,Elv,640,Wet,301,22.60
E. radiata,2012/04/01,7,Elv,640,Wet,302,22.67
E. radiata,2012/04/01,7,Elv,640,Dry,303,14.69
E. radiata,2012/04/01,7,Elv,640,Dry,305,14.37
E. radiata,2012/04/01,7,Elv,640,Dry,306,15.21
E. radiata,2012/04/01,7,Elv,640,Wet,307,22.53
E. radiata,2012/04/01,7,Elv,640,Wet,308,22.64
E. radiata,2012/04/01,7,Elv,640,Dry,309,16.06
E. radiata,2012/04/01,7,Elv,640,Wet,310,22.14
E. radiata,2012/04/01,7,Elv,640,Wet,311,23.06
E. radiata,2012/04/01,7,Elv,640,Dry,312,18.41
E. radiata,2012/04/01,7,Elv,640,Dry,313,14.08
E. radiata,2012/04/01,7,Elv,640,Dry,314,17.58
E. radiata,2012/04/01,7,Elv,640,Dry,317,15.59
E. radiata,2012/04/01,7,Elv,640,Dry,318,15.85
E. radiata,2012/04/01,7,Elv,640,Dry,319,13.70
E. radiata,2012/04/01,7,Elv,640,Wet,320,22.97
E. radiata,2012/04/01,7,Elv,400,Wet,401,22.94
E. radiata,2012/04/01,7,Elv,400,Wet,403,23.22
E. radiata,2012/04/01,7,Elv,400,Dry,404,15.78
E. radiata,2012/04/01,7,Elv,400,Wet,405,22.71
E. radiata,2012/04/01,7,Elv,400,Dry,406,15.00
E. radiata,2012/04/01,7,Elv,400,Dry,407,14.11
E. radiata,2012/04/01,7,Elv,400,Wet,408,23.23
E. radiata,2012/04/01,7,Elv,400,Dry,409,14.50
E. radiata,2012/04/01,7,Elv,400,Wet,410,22.71
E. radiata,2012/04/01,7,Elv,400,Dry,411,15.37
E. radiata,2012/04/01,7,Elv,400,Dry,412,15.59
E. radiata,2012/04/01,7,Elv,400,Dry,414,16.66
E. radiata,2012/04/01,7,Elv,400,Wet,415,22.54
E. radiata,2012/04/01,7,Elv,400,Wet,416,22.93
E. radiata,2012/04/01,7,Elv,400,Dry,417,12.80
E. radiata,2012/04/01,7,Elv,400,Dry,419,15.86
E. radiata,2012/04/01,7,Elv,400,Dry,420,17.29
E. radiata,2012/04/01,7,Amb,400,Wet,501,23.30
E. radiata,2012/04/01,7,Amb,400,Dry,502,16.89
E. radiata,2012/04/01,7,Amb,400,Dry,504,15.45
E. radiata,2012/04/01,7,Amb,400,Dry,506,17.95
E. radiata,2012/04/01,7,Amb,400,Wet,507,23.41
E. radiata,2012/04/01,7,Amb,400,Dry,508,16.14
E. radiata,2012/04/01,7,Amb,400,Dry,509,16.56
E. radiata,2012/04/01,7,Amb,400,Dry,510,17.41
E. radiata,2012/04/01,7,Amb,400,Wet,511,23.47
E. radiata,2012/04/01,7,Amb,400,Wet,512,23.53
E. radiata,2012/04/01,7,Amb,400,Dry,513,16.32
E. radiata,2012/04/01,7,Amb,400,Wet,515,23.48
E. radiata,2012/04/01,7,Amb,400,Wet,516,22.90
E. radiata,2012/04/01,7,Amb,400,Dry,517,18.39
E. radiata,2012/04/01,7,Amb,400,Dry,518,18.18
E. radiata,2012/04/01,7,Amb,400,Dry,519,16.31
E. radiata,2012/04/01,7,Amb,400,Wet,520,23.81
E. radiata,2012/04/01,7,Amb,640,Dry,601,18.51
E. radiata,2012/04/01,7,Amb,640,Wet,602,24.31
E. radiata,2012/04/01,7,Amb,640,Wet,603,23.11
E. radiata,2012/04/01,7,Amb,640,Dry,604,17.11
E. radiata,2012/04/01,7,Amb,640,Wet,605,23.28
E. radiata,2012/04/01,7,Amb,640,Wet,606,23.28
E. radiata,2012/04/01,7,Amb,640,Dry,607,15.83
E. radiata,2012/04/01,7,Amb,640,Dry,608,17.17
E. radiata,2012/04/01,7,Amb,640,Wet,609,23.42
E. radiata,2012/04/01,7,Amb,640,Dry,610,17.48
E. radiata,2012/04/01,7,Amb,640,Dry,611,17.78
E. radiata,2012/04/01,7,Amb,640,Dry,614,20.15
E. radiata,2012/04/01,7,Amb,640,Dry,615,16.67
E. radiata,2012/04/01,7,Amb,640,Wet,616,23.63
E. radiata,2012/04/01,7,Amb,640,Dry,618,19.64
E. radiata,2012/04/01,7,Amb,640,Wet,619,23.31
E. radiata,2012/04/01,7,Amb,640,Dry,620,17.20
E. radiata,2012/04/04,10,Elv,640,Wet,301,17.23
E. radiata,2012/04/04,10,Elv,640,Wet,302,18.22
E. radiata,2012/04/04,10,Elv,640,Dry,303,10.07
E. radiata,2012/04/04,10,Elv,640,Dry,305,11.52
E. radiata,2012/04/04,10,Elv,640,Dry,306,11.22
E. radiata,2012/04/04,10,Elv,640,Wet,307,18.50
E. radiata,2012/04/04,10,Elv,640,Wet,308,18.23
E. radiata,2012/04/04,10,Elv,640,Dry,309,12.22
E. radiata,2012/04/04,10,Elv,640,Wet,310,16.48
E. radiata,2012/04/04,10,Elv,640,Wet,311,19.68
E. radiata,2012/04/04,10,Elv,640,Dry,312,15.15
E. radiata,2012/04/04,10,Elv,640,Dry,313,10.41
E. radiata,2012/04/04,10,Elv,640,Dry,314,13.45
E. radiata,2012/04/04,10,Elv,640,Dry,317,10.86
E. radiata,2012/04/04,10,Elv,640,Dry,318,12.86
E. radiata,2012/04/04,10,Elv,640,Dry,319,11.31
E. radiata,2012/04/04,10,Elv,640,Wet,320,18.98
E. radiata,2012/04/04,10,Elv,400,Wet,401,18.83
E. radiata,2012/04/04,10,Elv,400,Wet,403,19.37
E. radiata,2012/04/04,10,Elv,400,Dry,404,11.93
E. radiata,2012/04/04,10,Elv,400,Wet,405,19.68
E. radiata,2012/04/04,10,Elv,400,Dry,406,10.59
E. radiata,2012/04/04,10,Elv,400,Dry,407,10.35
E. radiata,2012/04/04,10,Elv,400,Wet,408,19.47
E. radiata,2012/04/04,10,Elv,400,Dry,409,12.55
E. radiata,2012/04/04,10,Elv,400,Wet,410,18.31
E. radiata,2012/04/04,10,Elv,400,Dry,411,12.18
E. radiata,2012/04/04,10,Elv,400,Dry,412,11.51
E. radiata,2012/04/04,10,Elv,400,Dry,414,11.23
E. radiata,2012/04/04,10,Elv,400,Wet,415,18.44
E. radiata,2012/04/04,10,Elv,400,Wet,416,19.04
E. radiata,2012/04/04,10,Elv,400,Dry,417,8.47
E. radiata,2012/04/04,10,Elv,400,Dry,419,12.03
E. radiata,2012/04/04,10,Elv,400,Dry,420,12.64
E. radiata,2012/04/04,10,Amb,400,Wet,501,20.07
E. radiata,2012/04/04,10,Amb,400,Dry,502,6.61
E. radiata,2012/04/04,10,Amb,400,Dry,504,11.11
E. radiata,2012/04/04,10,Amb,400,Dry,506,14.79
E. radiata,2012/04/04,10,Amb,400,Wet,507,20.84
E. radiata,2012/04/04,10,Amb,400,Dry,508,11.79
E. radiata,2012/04/04,10,Amb,400,Dry,509,12.63
E. radiata,2012/04/04,10,Amb,400,Dry,510,13.63
E. radiata,2012/04/04,10,Amb,400,Wet,511,20.81
E. radiata,2012/04/04,10,Amb,400,Wet,512,21.24
E. radiata,2012/04/04,10,Amb,400,Dry,513,12.58
E. radiata,2012/04/04,10,Amb,400,Wet,515,21.37
E. radiata,2012/04/04,10,Amb,400,Wet,516,19.62
E. radiata,2012/04/04,10,Amb,400,Dry,517,15.18
E. radiata,2012/04/04,10,Amb,400,Dry,518,14.77
E. radiata,2012/04/04,10,Amb,400,Dry,519,12.36
E. radiata,2012/04/04,10,Amb,400,Wet,520,20.83
E. radiata,2012/04/04,10,Amb,640,Dry,601,15.84
E. radiata,2012/04/04,10,Amb,640,Wet,602,20.85
E. radiata,2012/04/04,10,Amb,640,Wet,603,21.02
E. radiata,2012/04/04,10,Amb,640,Dry,604,12.67
E. radiata,2012/04/04,10,Amb,640,Wet,605,20.90
E. radiata,2012/04/04,10,Amb,640,Wet,606,19.99
E. radiata,2012/04/04,10,Amb,640,Dry,607,11.35
E. radiata,2012/04/04,10,Amb,640,Dry,608,12.92
E. radiata,2012/04/04,10,Amb,640,Wet,609,20.80
E. radiata,2012/04/04,10,Amb,640,Dry,610,13.32
E. radiata,2012/04/04,10,Amb,640,Dry,611,13.74
E. radiata,2012/04/04,10,Amb,640,Dry,614,17.45
E. radiata,2012/04/04,10,Amb,640,Dry,615,12.18
E. radiata,2012/04/04,10,Amb,640,Wet,616,21.49
E. radiata,2012/04/04,10,Amb,640,Dry,618,17.04
E. radiata,2012/04/04,10,Amb,640,Wet,619,20.66
E. radiata,2012/04/04,10,Amb,640,Dry,620,13.89
E. radiata,2012/04/08,14,Elv,640,Wet,301,14.19
E. radiata,2012/04/08,14,Elv,640,Wet,302,16.38
E. radiata,2012/04/08,14,Elv,640,Dry,303,12.88
E. radiata,2012/04/08,14,Elv,640,Dry,305,13.73
E. radiata,2012/04/08,14,Elv,640,Dry,306,14.20
E. radiata,2012/04/08,14,Elv,640,Wet,307,15.76
E. radiata,2012/04/08,14,Elv,640,Wet,308,13.75
E. radiata,2012/04/08,14,Elv,640,Dry,309,13.55
E. radiata,2012/04/08,14,Elv,640,Wet,310,13.06
E. radiata,2012/04/08,14,Elv,640,Wet,311,16.63
E. radiata,2012/04/08,14,Elv,640,Dry,312,15.06
E. radiata,2012/04/08,14,Elv,640,Dry,313,13.43
E. radiata,2012/04/08,14,Elv,640,Dry,314,14.07
E. radiata,2012/04/08,14,Elv,640,Dry,317,13.34
E. radiata,2012/04/08,14,Elv,640,Dry,318,14.22
E. radiata,2012/04/08,14,Elv,640,Dry,319,13.98
E. radiata,2012/04/08,14,Elv,640,Wet,320,16.65
E. radiata,2012/04/08,14,Elv,400,Wet,401,16.28
E. radiata,2012/04/08,14,Elv,400,Wet,403,16.98
E. radiata,2012/04/08,14,Elv,400,Dry,404,13.35
E. radiata,2012/04/08,14,Elv,400,Wet,405,17.83
E. radiata,2012/04/08,14,Elv,400,Dry,406,12.63
E. radiata,2012/04/08,14,Elv,400,Dry,407,13.11
E. radiata,2012/04/08,14,Elv,400,Wet,408,17.13
E. radiata,2012/04/08,14,Elv,400,Dry,409,14.05
E. radiata,2012/04/08,14,Elv,400,Wet,410,15.79
E. radiata,2012/04/08,14,Elv,400,Dry,411,14.42
E. radiata,2012/04/08,14,Elv,400,Dry,412,13.70
E. radiata,2012/04/08,14,Elv,400,Dry,414,13.33
E. radiata,2012/04/08,14,Elv,400,Wet,415,16.12
E. radiata,2012/04/08,14,Elv,400,Wet,416,16.14
E. radiata,2012/04/08,14,Elv,400,Dry,417,11.74
E. radiata,2012/04/08,14,Elv,400,Dry,419,13.89
E. radiata,2012/04/08,14,Elv,400,Dry,420,13.72
E. radiata,2012/04/08,14,Amb,400,Wet,501,17.72
E. radiata,2012/04/08,14,Amb,400,Dry,502,20.68
E. radiata,2012/04/08,14,Amb,400,Dry,504,13.66
E. radiata,2012/04/08,14,Amb,400,Dry,506,15.02
E. radiata,2012/04/08,14,Amb,400,Wet,507,18.71
E. radiata,2012/04/08,14,Amb,400,Dry,508,13.28
E. radiata,2012/04/08,14,Amb,400,Dry,509,13.85
E. radiata,2012/04/08,14,Amb,400,Dry,510,14.19
E. radiata,2012/04/08,14,Amb,400,Wet,511,18.62
E. radiata,2012/04/08,14,Amb,400,Wet,512,19.62
E. radiata,2012/04/08,14,Amb,400,Dry,513,14.17
E. radiata,2012/04/08,14,Amb,400,Wet,515,19.10
E. radiata,2012/04/08,14,Amb,400,Wet,516,16.50
E. radiata,2012/04/08,14,Amb,400,Dry,517,15.44
E. radiata,2012/04/08,14,Amb,400,Dry,518,14.83
E. radiata,2012/04/08,14,Amb,400,Dry,519,14.04
E. radiata,2012/04/08,14,Amb,400,Wet,520,19.09
E. radiata,2012/04/08,14,Amb,640,Dry,601,14.80
E. radiata,2012/04/08,14,Amb,640,Wet,602,18.59
E. radiata,2012/04/08,14,Amb,640,Wet,603,18.54
E. radiata,2012/04/08,14,Amb,640,Dry,604,13.69
E. radiata,2012/04/08,14,Amb,640,Wet,605,18.81
E. radiata,2012/04/08,14,Amb,640,Wet,606,17.77
E. radiata,2012/04/08,14,Amb,640,Dry,607,13.38
E. radiata,2012/04/08,14,Amb,640,Dry,608,13.26
E. radiata,2012/04/08,14,Amb,640,Wet,609,17.82
E. radiata,2012/04/08,14,Amb,640,Dry,610,13.79
E. radiata,2012/04/08,14,Amb,640,Dry,611,14.05
E. radiata,2012/04/08,14,Amb,640,Dry,614,16.12
E. radiata,2012/04/08,14,Amb,640,Dry,615,13.26
E. radiata,2012/04/08,14,Amb,640,Wet,616,19.41
E. radiata,2012/04/08,14,Amb,640,Dry,618,16.55
E. radiata,2012/04/08,14,Amb,640,Wet,619,17.89
E. radiata,2012/04/08,14,Amb,640,Dry,620,15.50
E. radiata,2012/04/11,17,Elv,640,Wet,301,15.55
E. radiata,2012/04/11,17,Elv,640,Wet,302,17.77
E. radiata,2012/04/11,17,Elv,640,Dry,303,8.65
E. radiata,2012/04/11,17,Elv,640,Dry,305,11.12
E. radiata,2012/04/11,17,Elv,640,Dry,306,10.66
E. radiata,2012/04/11,17,Elv,640,Wet,307,17.75
E. radiata,2012/04/11,17,Elv,640,Wet,308,15.32
E. radiata,2012/04/11,17,Elv,640,Dry,309,10.40
E. radiata,2012/04/11,17,Elv,640,Wet,310,15.56
E. radiata,2012/04/11,17,Elv,640,Wet,311,17.86
E. radiata,2012/04/11,17,Elv,640,Dry,312,11.87
E. radiata,2012/04/11,17,Elv,640,Dry,313,11.25
E. radiata,2012/04/11,17,Elv,640,Dry,314,10.12
E. radiata,2012/04/11,17,Elv,640,Dry,317,9.46
E. radiata,2012/04/11,17,Elv,640,Dry,318,11.97
E. radiata,2012/04/11,17,Elv,640,Dry,319,11.22
E. radiata,2012/04/11,17,Elv,640,Wet,320,18.69
E. radiata,2012/04/11,17,Elv,400,Wet,401,17.12
E. radiata,2012/04/11,17,Elv,400,Wet,403,18.41
E. radiata,2012/04/11,17,Elv,400,Dry,404,10.77
E. radiata,2012/04/11,17,Elv,400,Wet,405,18.45
E. radiata,2012/04/11,17,Elv,400,Dry,406,8.98
E. radiata,2012/04/11,17,Elv,400,Dry,407,9.62
E. radiata,2012/04/11,17,Elv,400,Wet,408,19.27
E. radiata,2012/04/11,17,Elv,400,Dry,409,12.30
E. radiata,2012/04/11,17,Elv,400,Wet,410,16.91
E. radiata,2012/04/11,17,Elv,400,Dry,411,11.72
E. radiata,2012/04/11,17,Elv,400,Dry,412,10.40
E. radiata,2012/04/11,17,Elv,400,Dry,414,9.37
E. radiata,2012/04/11,17,Elv,400,Wet,415,17.40
E. radiata,2012/04/11,17,Elv,400,Wet,416,18.19
E. radiata,2012/04/11,17,Elv,400,Dry,417,7.91
E. radiata,2012/04/11,17,Elv,400,Dry,419,10.37
E. radiata,2012/04/11,17,Elv,400,Dry,420,9.09
E. radiata,2012/04/11,17,Amb,400,Wet,501,19.55
E. radiata,2012/04/11,17,Amb,400,Dry,502,16.18
E. radiata,2012/04/11,17,Amb,400,Dry,504,9.71
E. radiata,2012/04/11,17,Amb,400,Dry,506,11.42
E. radiata,2012/04/11,17,Amb,400,Wet,507,20.39
E. radiata,2012/04/11,17,Amb,400,Dry,508,8.94
E. radiata,2012/04/11,17,Amb,400,Dry,509,9.94
E. radiata,2012/04/11,17,Amb,400,Dry,510,10.30
E. radiata,2012/04/11,17,Amb,400,Wet,511,20.29
E. radiata,2012/04/11,17,Amb,400,Wet,512,20.95
E. radiata,2012/04/11,17,Amb,400,Dry,513,10.23
E. radiata,2012/04/11,17,Amb,400,Wet,515,20.62
E. radiata,2012/04/11,17,Amb,400,Wet,516,18.60
E. radiata,2012/04/11,17,Amb,400,Dry,517,12.29
E. radiata,2012/04/11,17,Amb,400,Dry,518,11.42
E. radiata,2012/04/11,17,Amb,400,Dry,519,10.00
E. radiata,2012/04/11,17,Amb,400,Wet,520,20.33
E. radiata,2012/04/11,17,Amb,640,Dry,601,10.26
E. radiata,2012/04/11,17,Amb,640,Wet,602,19.75
E. radiata,2012/04/11,17,Amb,640,Wet,603,19.41
E. radiata,2012/04/11,17,Amb,640,Dry,604,9.01
E. radiata,2012/04/11,17,Amb,640,Wet,605,20.17
E. radiata,2012/04/11,17,Amb,640,Wet,606,19.01
E. radiata,2012/04/11,17,Amb,640,Dry,607,9.20
E. radiata,2012/04/11,17,Amb,640,Dry,608,9.15
E. radiata,2012/04/11,17,Amb,640,Wet,609,19.09
E. radiata,2012/04/11,17,Amb,640,Dry,610,9.52
E. radiata,2012/04/11,17,Amb,640,Dry,611,9.65
E. radiata,2012/04/11,17,Amb,640,Dry,614,13.03
E. radiata,2012/04/11,17,Amb,640,Dry,615,8.56
E. radiata,2012/04/11,17,Amb,640,Wet,616,20.49
E. radiata,2012/04/11,17,Amb,640,Dry,618,13.82
E. radiata,2012/04/11,17,Amb,640,Wet,619,19.00
E. radiata,2012/04/11,17,Amb,640,Dry,620,13.17
E. radiata,2012/04/13,19,Elv,640,Wet,301,19.22
E. radiata,2012/04/13,19,Elv,640,Wet,302,21.30
E. radiata,2012/04/13,19,Elv,640,Dry,303,7.81
E. radiata,2012/04/13,19,Elv,640,Dry,305,10.49
E. radiata,2012/04/13,19,Elv,640,Dry,306,10.02
E. radiata,2012/04/13,19,Elv,640,Wet,307,20.87
E. radiata,2012/04/13,19,Elv,640,Wet,308,18.88
E. radiata,2012/04/13,19,Elv,640,Dry,309,9.08
E. radiata,2012/04/13,19,Elv,640,Wet,310,19.18
E. radiata,2012/04/13,19,Elv,640,Wet,311,20.51
E. radiata,2012/04/13,19,Elv,640,Dry,312,10.72
E. radiata,2012/04/13,19,Elv,640,Dry,313,10.14
E. radiata,2012/04/13,19,Elv,640,Dry,314,8.32
E. radiata,2012/04/13,19,Elv,640,Dry,317,8.16
E. radiata,2012/04/13,19,Elv,640,Dry,318,11.39
E. radiata,2012/04/13,19,Elv,640,Dry,319,11.62
E. radiata,2012/04/13,19,Elv,640,Wet,320,21.28
E. radiata,2012/04/13,19,Elv,400,Wet,401,20.17
E. radiata,2012/04/13,19,Elv,400,Wet,403,20.93
E. radiata,2012/04/13,19,Elv,400,Dry,404,11.16
E. radiata,2012/04/13,19,Elv,400,Wet,405,20.89
E. radiata,2012/04/13,19,Elv,400,Dry,406,8.24
E. radiata,2012/04/13,19,Elv,400,Dry,407,8.86
E. radiata,2012/04/13,19,Elv,400,Wet,408,21.24
E. radiata,2012/04/13,19,Elv,400,Dry,409,12.77
E. radiata,2012/04/13,19,Elv,400,Wet,410,20.44
E. radiata,2012/04/13,19,Elv,400,Dry,411,11.11
E. radiata,2012/04/13,19,Elv,400,Dry,412,9.64
E. radiata,2012/04/13,19,Elv,400,Dry,414,8.26
E. radiata,2012/04/13,19,Elv,400,Wet,415,20.22
E. radiata,2012/04/13,19,Elv,400,Wet,416,20.67
E. radiata,2012/04/13,19,Elv,400,Dry,417,7.97
E. radiata,2012/04/13,19,Elv,400,Dry,419,9.14
E. radiata,2012/04/13,19,Elv,400,Dry,420,7.26
E. radiata,2012/04/13,19,Amb,400,Wet,501,21.60
E. radiata,2012/04/13,19,Amb,400,Dry,502,13.44
E. radiata,2012/04/13,19,Amb,400,Dry,504,8.73
E. radiata,2012/04/13,19,Amb,400,Dry,506,9.46
E. radiata,2012/04/13,19,Amb,400,Wet,507,22.10
E. radiata,2012/04/13,19,Amb,400,Dry,508,7.58
E. radiata,2012/04/13,19,Amb,400,Dry,509,8.79
E. radiata,2012/04/13,19,Amb,400,Dry,510,8.80
E. radiata,2012/04/13,19,Amb,400,Wet,511,22.26
E. radiata,2012/04/13,19,Amb,400,Wet,512,22.49
E. radiata,2012/04/13,19,Amb,400,Dry,513,8.78
E. radiata,2012/04/13,19,Amb,400,Wet,515,22.09
E. radiata,2012/04/13,19,Amb,400,Wet,516,20.68
E. radiata,2012/04/13,19,Amb,400,Dry,517,10.75
E. radiata,2012/04/13,19,Amb,400,Dry,518,9.15
E. radiata,2012/04/13,19,Amb,400,Dry,519,8.38
E. radiata,2012/04/13,19,Amb,400,Wet,520,21.98
E. radiata,2012/04/13,19,Amb,640,Dry,601,9.20
E. radiata,2012/04/13,19,Amb,640,Wet,602,22.27
E. radiata,2012/04/13,19,Amb,640,Wet,603,21.97
E. radiata,2012/04/13,19,Amb,640,Dry,604,7.71
E. radiata,2012/04/13,19,Amb,640,Wet,605,22.15
E. radiata,2012/04/13,19,Amb,640,Wet,606,21.67
E. radiata,2012/04/13,19,Amb,640,Dry,607,8.37
E. radiata,2012/04/13,19,Amb,640,Dry,608,8.38
E. radiata,2012/04/13,19,Amb,640,Wet,609,21.56
E. radiata,2012/04/13,19,Amb,640,Dry,610,8.15
E. radiata,2012/04/13,19,Amb,640,Dry,611,8.36
E. radiata,2012/04/13,19,Amb,640,Dry,614,11.30
E. radiata,2012/04/13,19,Amb,640,Dry,615,7.78
E. radiata,2012/04/13,19,Amb,640,Wet,616,22.30
E. radiata,2012/04/13,19,Amb,640,Dry,618,12.44
E. radiata,2012/04/13,19,Amb,640,Wet,619,21.51
E. radiata,2012/04/13,19,Amb,640,Dry,620,12.71
E. radiata,2012/04/15,21,Elv,640,Wet,301,19.47
E. radiata,2012/04/15,21,Elv,640,Wet,302,20.75
E. radiata,2012/04/15,21,Elv,640,Dry,303,8.44
E. radiata,2012/04/15,21,Elv,640,Dry,305,11.10
E. radiata,2012/04/15,21,Elv,640,Dry,306,10.51
E. radiata,2012/04/15,21,Elv,640,Wet,307,20.63
E. radiata,2012/04/15,21,Elv,640,Wet,308,17.99
E. radiata,2012/04/15,21,Elv,640,Dry,309,8.76
E. radiata,2012/04/15,21,Elv,640,Wet,310,17.69
E. radiata,2012/04/15,21,Elv,640,Wet,311,19.76
E. radiata,2012/04/15,21,Elv,640,Dry,312,10.65
E. radiata,2012/04/15,21,Elv,640,Dry,313,9.95
E. radiata,2012/04/15,21,Elv,640,Dry,314,7.19
E. radiata,2012/04/15,21,Elv,640,Dry,317,8.73
E. radiata,2012/04/15,21,Elv,640,Dry,318,12.01
E. radiata,2012/04/15,21,Elv,640,Dry,319,11.83
E. radiata,2012/04/15,21,Elv,640,Wet,320,20.55
E. radiata,2012/04/15,21,Elv,400,Wet,401,19.35
E. radiata,2012/04/15,21,Elv,400,Wet,403,20.31
E. radiata,2012/04/15,21,Elv,400,Dry,404,10.87
E. radiata,2012/04/15,21,Elv,400,Wet,405,20.40
E. radiata,2012/04/15,21,Elv,400,Dry,406,8.68
E. radiata,2012/04/15,21,Elv,400,Dry,407,8.82
E. radiata,2012/04/15,21,Elv,400,Wet,408,20.46
E. radiata,2012/04/15,21,Elv,400,Dry,409,12.94
E. radiata,2012/04/15,21,Elv,400,Wet,410,19.86
E. radiata,2012/04/15,21,Elv,400,Dry,411,11.77
E. radiata,2012/04/15,21,Elv,400,Dry,412,10.22
E. radiata,2012/04/15,21,Elv,400,Dry,414,8.08
E. radiata,2012/04/15,21,Elv,400,Wet,415,19.44
E. radiata,2012/04/15,21,Elv,400,Wet,416,20.25
E. radiata,2012/04/15,21,Elv,400,Dry,417,7.79
E. radiata,2012/04/15,21,Elv,400,Dry,419,8.92
E. radiata,2012/04/15,21,Elv,400,Dry,420,6.84
E. radiata,2012/04/15,21,Amb,400,Wet,501,21.05
E. radiata,2012/04/15,21,Amb,400,Dry,502,10.61
E. radiata,2012/04/15,21,Amb,400,Dry,504,8.45
E. radiata,2012/04/15,21,Amb,400,Dry,506,8.48
E. radiata,2012/04/15,21,Amb,400,Wet,507,21.61
E. radiata,2012/04/15,21,Amb,400,Dry,508,7.42
E. radiata,2012/04/15,21,Amb,400,Dry,509,8.43
E. radiata,2012/04/15,21,Amb,400,Dry,510,8.70
E. radiata,2012/04/15,21,Amb,400,Wet,511,21.73
E. radiata,2012/04/15,21,Amb,400,Wet,512,22.13
E. radiata,2012/04/15,21,Amb,400,Dry,513,8.13
E. radiata,2012/04/15,21,Amb,400,Wet,515,21.36
E. radiata,2012/04/15,21,Amb,400,Wet,516,20.11
E. radiata,2012/04/15,21,Amb,400,Dry,517,9.91
E. radiata,2012/04/15,21,Amb,400,Dry,518,8.01
E. radiata,2012/04/15,21,Amb,400,Dry,519,8.08
E. radiata,2012/04/15,21,Amb,400,Wet,520,21.43
E. radiata,2012/04/15,21,Amb,640,Dry,601,8.62
E. radiata,2012/04/15,21,Amb,640,Wet,602,22.06
E. radiata,2012/04/15,21,Amb,640,Wet,603,21.65
E. radiata,2012/04/15,21,Amb,640,Dry,604,7.21
E. radiata,2012/04/15,21,Amb,640,Wet,605,21.79
E. radiata,2012/04/15,21,Amb,640,Wet,606,20.86
E. radiata,2012/04/15,21,Amb,640,Dry,607,8.42
E. radiata,2012/04/15,21,Amb,640,Dry,608,8.66
E. radiata,2012/04/15,21,Amb,640,Wet,609,20.93
E. radiata,2012/04/15,21,Amb,640,Dry,610,7.51
E. radiata,2012/04/15,21,Amb,640,Dry,611,8.35
E. radiata,2012/04/15,21,Amb,640,Dry,614,9.73
E. radiata,2012/04/15,21,Amb,640,Dry,615,8.00
E. radiata,2012/04/15,21,Amb,640,Wet,616,21.96
E. radiata,2012/04/15,21,Amb,640,Dry,618,11.16
E. radiata,2012/04/15,21,Amb,640,Wet,619,21.09
E. radiata,2012/04/15,21,Amb,640,Dry,620,13.17
E. radiata,2012/04/18,24,Elv,640,Wet,301,16.71
E. radiata,2012/04/18,24,Elv,640,Wet,302,19.32
E. radiata,2012/04/18,24,Elv,640,Dry,303,7.77
E. radiata,2012/04/18,24,Elv,640,Dry,305,11.02
E. radiata,2012/04/18,24,Elv,640,Dry,306,10.02
E. radiata,2012/04/18,24,Elv,640,Wet,307,19.73
E. radiata,2012/04/18,24,Elv,640,Wet,308,16.36
E. radiata,2012/04/18,24,Elv,640,Dry,309,7.98
E. radiata,2012/04/18,24,Elv,640,Wet,310,15.86
E. radiata,2012/04/18,24,Elv,640,Wet,311,18.59
E. radiata,2012/04/18,24,Elv,640,Dry,312,10.61
E. radiata,2012/04/18,24,Elv,640,Dry,313,9.73
E. radiata,2012/04/18,24,Elv,640,Dry,314,6.88
E. radiata,2012/04/18,24,Elv,640,Dry,317,8.08
E. radiata,2012/04/18,24,Elv,640,Dry,318,11.21
E. radiata,2012/04/18,24,Elv,640,Dry,319,11.31
E. radiata,2012/04/18,24,Elv,640,Wet,320,19.62
E. radiata,2012/04/18,24,Elv,400,Wet,401,17.84
E. radiata,2012/04/18,24,Elv,400,Wet,403,18.87
E. radiata,2012/04/18,24,Elv,400,Dry,404,11.00
E. radiata,2012/04/18,24,Elv,400,Wet,405,19.24
E. radiata,2012/04/18,24,Elv,400,Dry,406,8.70
E. radiata,2012/04/18,24,Elv,400,Dry,407,8.96
E. radiata,2012/04/18,24,Elv,400,Wet,408,18.95
E. radiata,2012/04/18,24,Elv,400,Dry,409,12.77
E. radiata,2012/04/18,24,Elv,400,Wet,410,18.65
E. radiata,2012/04/18,24,Elv,400,Dry,411,11.46
E. radiata,2012/04/18,24,Elv,400,Dry,412,9.91
E. radiata,2012/04/18,24,Elv,400,Dry,414,7.87
E. radiata,2012/04/18,24,Elv,400,Wet,415,18.11
E. radiata,2012/04/18,24,Elv,400,Wet,416,18.95
E. radiata,2012/04/18,24,Elv,400,Dry,417,7.68
E. radiata,2012/04/18,24,Elv,400,Dry,419,8.85
E. radiata,2012/04/18,24,Elv,400,Dry,420,6.06
E. radiata,2012/04/18,24,Amb,400,Wet,501,20.27
E. radiata,2012/04/18,24,Amb,400,Dry,502,7.85
E. radiata,2012/04/18,24,Amb,400,Dry,504,8.53
E. radiata,2012/04/18,24,Amb,400,Dry,506,7.43
E. radiata,2012/04/18,24,Amb,400,Wet,507,20.67
E. radiata,2012/04/18,24,Amb,400,Dry,508,7.07
E. radiata,2012/04/18,24,Amb,400,Dry,509,8.26
E. radiata,2012/04/18,24,Amb,400,Dry,510,8.37
E. radiata,2012/04/18,24,Amb,400,Wet,511,20.73
E. radiata,2012/04/18,24,Amb,400,Wet,512,21.50
E. radiata,2012/04/18,24,Amb,400,Dry,513,8.01
E. radiata,2012/04/18,24,Amb,400,Wet,515,20.16
E. radiata,2012/04/18,24,Amb,400,Wet,516,18.85
E. radiata,2012/04/18,24,Amb,400,Dry,517,8.33
E. radiata,2012/04/18,24,Amb,400,Dry,518,7.13
E. radiata,2012/04/18,24,Amb,400,Dry,519,7.68
E. radiata,2012/04/18,24,Amb,400,Wet,520,20.52
E. radiata,2012/04/18,24,Amb,640,Dry,601,8.59
E. radiata,2012/04/18,24,Amb,640,Wet,602,21.80
E. radiata,2012/04/18,24,Amb,640,Wet,603,20.93
E. radiata,2012/04/18,24,Amb,640,Dry,604,7.22
E. radiata,2012/04/18,24,Amb,640,Wet,605,21.02
E. radiata,2012/04/18,24,Amb,640,Wet,606,19.92
E. radiata,2012/04/18,24,Amb,640,Dry,607,8.36
E. radiata,2012/04/18,24,Amb,640,Dry,608,7.97
E. radiata,2012/04/18,24,Amb,640,Wet,609,19.85
E. radiata,2012/04/18,24,Amb,640,Dry,610,7.57
E. radiata,2012/04/18,24,Amb,640,Dry,611,7.62
E. radiata,2012/04/18,24,Amb,640,Dry,614,8.14
E. radiata,2012/04/18,24,Amb,640,Dry,615,7.86
E. radiata,2012/04/18,24,Amb,640,Wet,616,21.38
E. radiata,2012/04/18,24,Amb,640,Dry,618,9.76
E. radiata,2012/04/18,24,Amb,640,Wet,619,19.99
E. radiata,2012/04/18,24,Amb,640,Dry,620,12.80
E. radiata,2012/04/20,26,Elv,640,Wet,301,19.62
E. radiata,2012/04/20,26,Elv,640,Wet,302,21.65
E. radiata,2012/04/20,26,Elv,640,Dry,303,8.31
E. radiata,2012/04/20,26,Elv,640,Dry,305,10.48
E. radiata,2012/04/20,26,Elv,640,Dry,306,10.18
E. radiata,2012/04/20,26,Elv,640,Wet,307,22.06
E. radiata,2012/04/20,26,Elv,640,Wet,308,20.49
E. radiata,2012/04/20,26,Elv,640,Dry,309,7.71
E. radiata,2012/04/20,26,Elv,640,Wet,310,19.15
E. radiata,2012/04/20,26,Elv,640,Wet,311,21.44
E. radiata,2012/04/20,26,Elv,640,Dry,312,10.80
E. radiata,2012/04/20,26,Elv,640,Dry,313,9.77
E. radiata,2012/04/20,26,Elv,640,Dry,314,6.41
E. radiata,2012/04/20,26,Elv,640,Dry,317,8.48
E. radiata,2012/04/20,26,Elv,640,Dry,318,11.81
E. radiata,2012/04/20,26,Elv,640,Dry,319,11.66
E. radiata,2012/04/20,26,Elv,640,Wet,320,21.82
E. radiata,2012/04/20,26,Elv,400,Wet,401,21.47
E. radiata,2012/04/20,26,Elv,400,Wet,403,22.07
E. radiata,2012/04/20,26,Elv,400,Dry,404,11.05
E. radiata,2012/04/20,26,Elv,400,Wet,405,21.97
E. radiata,2012/04/20,26,Elv,400,Dry,406,8.80
E. radiata,2012/04/20,26,Elv,400,Dry,407,9.07
E. radiata,2012/04/20,26,Elv,400,Wet,408,22.12
E. radiata,2012/04/20,26,Elv,400,Dry,409,13.23
E. radiata,2012/04/20,26,Elv,400,Wet,410,21.43
E. radiata,2012/04/20,26,Elv,400,Dry,411,11.37
E. radiata,2012/04/20,26,Elv,400,Dry,412,10.13
E. radiata,2012/04/20,26,Elv,400,Dry,414,8.14
E. radiata,2012/04/20,26,Elv,400,Wet,415,21.05
E. radiata,2012/04/20,26,Elv,400,Wet,416,21.83
E. radiata,2012/04/20,26,Elv,400,Dry,417,7.75
E. radiata,2012/04/20,26,Elv,400,Dry,419,9.06
E. radiata,2012/04/20,26,Elv,400,Dry,420,6.34
E. radiata,2012/04/20,26,Amb,400,Wet,501,22.87
E. radiata,2012/04/20,26,Amb,400,Dry,502,6.94
E. radiata,2012/04/20,26,Amb,400,Dry,504,8.70
E. radiata,2012/04/20,26,Amb,400,Dry,506,7.52
E. radiata,2012/04/20,26,Amb,400,Wet,507,22.33
E. radiata,2012/04/20,26,Amb,400,Dry,508,7.21
E. radiata,2012/04/20,26,Amb,400,Dry,509,8.43
E. radiata,2012/04/20,26,Amb,400,Dry,510,8.56
E. radiata,2012/04/20,26,Amb,400,Wet,511,22.43
E. radiata,2012/04/20,26,Amb,400,Wet,512,22.79
E. radiata,2012/04/20,26,Amb,400,Dry,513,8.24
E. radiata,2012/04/20,26,Amb,400,Wet,515,22.20
E. radiata,2012/04/20,26,Amb,400,Wet,516,21.61
E. radiata,2012/04/20,26,Amb,400,Dry,517,7.97
E. radiata,2012/04/20,26,Amb,400,Dry,518,7.32
E. radiata,2012/04/20,26,Amb,400,Dry,519,7.73
E. radiata,2012/04/20,26,Amb,400,Wet,520,22.01
E. radiata,2012/04/20,26,Amb,640,Dry,601,8.36
E. radiata,2012/04/20,26,Amb,640,Wet,602,22.53
E. radiata,2012/04/20,26,Amb,640,Wet,603,22.96
E. radiata,2012/04/20,26,Amb,640,Dry,604,7.43
E. radiata,2012/04/20,26,Amb,640,Wet,605,22.54
E. radiata,2012/04/20,26,Amb,640,Wet,606,22.14
E. radiata,2012/04/20,26,Amb,640,Dry,607,8.54
E. radiata,2012/04/20,26,Amb,640,Dry,608,8.26
E. radiata,2012/04/20,26,Amb,640,Wet,609,21.91
E. radiata,2012/04/20,26,Amb,640,Dry,610,7.83
E. radiata,2012/04/20,26,Amb,640,Dry,611,7.85
E. radiata,2012/04/20,26,Amb,640,Dry,614,7.58
E. radiata,2012/04/20,26,Amb,640,Dry,615,8.14
E. radiata,2012/04/20,26,Amb,640,Wet,616,22.93
E. radiata,2012/04/20,26,Amb,640,Dry,618,8.90
E. radiata,2012/04/20,26,Amb,640,Wet,619,21.96
E. radiata,2012/04/20,26,Amb,640,Dry,620,13.09
E. radiata,2012/04/22,28,Elv,640,Wet,301,19.20
E. radiata,2012/04/22,28,Elv,640,Wet,302,21.03
E. radiata,2012/04/22,28,Elv,640,Dry,303,7.95
E. radiata,2012/04/22,28,Elv,640,Dry,305,10.82
E. radiata,2012/04/22,28,Elv,640,Dry,306,10.13
E. radiata,2012/04/22,28,Elv,640,Wet,307,21.74
E. radiata,2012/04/22,28,Elv,640,Wet,308,19.44
E. radiata,2012/04/22,28,Elv,640,Dry,309,7.84
E. radiata,2012/04/22,28,Elv,640,Wet,310,17.86
E. radiata,2012/04/22,28,Elv,640,Wet,311,20.20
E. radiata,2012/04/22,28,Elv,640,Dry,312,10.42
E. radiata,2012/04/22,28,Elv,640,Dry,313,9.90
E. radiata,2012/04/22,28,Elv,640,Dry,314,6.58
E. radiata,2012/04/22,28,Elv,640,Dry,317,8.04
E. radiata,2012/04/22,28,Elv,640,Dry,318,11.71
E. radiata,2012/04/22,28,Elv,640,Dry,319,11.37
E. radiata,2012/04/22,28,Elv,640,Wet,320,21.20
E. radiata,2012/04/22,28,Elv,400,Wet,401,20.25
E. radiata,2012/04/22,28,Elv,400,Wet,403,20.84
E. radiata,2012/04/22,28,Elv,400,Dry,404,10.88
E. radiata,2012/04/22,28,Elv,400,Wet,405,20.92
E. radiata,2012/04/22,28,Elv,400,Dry,406,8.66
E. radiata,2012/04/22,28,Elv,400,Dry,407,8.92
E. radiata,2012/04/22,28,Elv,400,Wet,408,20.96
E. radiata,2012/04/22,28,Elv,400,Dry,409,12.84
E. radiata,2012/04/22,28,Elv,400,Wet,410,20.17
E. radiata,2012/04/22,28,Elv,400,Dry,411,11.46
E. radiata,2012/04/22,28,Elv,400,Dry,412,9.99
E. radiata,2012/04/22,28,Elv,400,Dry,414,8.01
E. radiata,2012/04/22,28,Elv,400,Wet,415,19.91
E. radiata,2012/04/22,28,Elv,400,Wet,416,20.40
E. radiata,2012/04/22,28,Elv,400,Dry,417,7.78
E. radiata,2012/04/22,28,Elv,400,Dry,419,9.40
E. radiata,2012/04/22,28,Elv,400,Dry,420,6.33
E. radiata,2012/04/22,28,Amb,400,Wet,501,21.30
E. radiata,2012/04/22,28,Amb,400,Dry,502,6.91
E. radiata,2012/04/22,28,Amb,400,Dry,504,8.62
E. radiata,2012/04/22,28,Amb,400,Dry,506,7.42
E. radiata,2012/04/22,28,Amb,400,Wet,507,21.75
E. radiata,2012/04/22,28,Amb,400,Dry,508,7.11
E. radiata,2012/04/22,28,Amb,400,Dry,509,8.37
E. radiata,2012/04/22,28,Amb,400,Dry,510,8.50
E. radiata,2012/04/22,28,Amb,400,Wet,511,21.49
E. radiata,2012/04/22,28,Amb,400,Wet,512,21.91
E. radiata,2012/04/22,28,Amb,400,Dry,513,8.24
E. radiata,2012/04/22,28,Amb,400,Wet,515,21.28
E. radiata,2012/04/22,28,Amb,400,Wet,516,20.19
E. radiata,2012/04/22,28,Amb,400,Dry,517,8.01
E. radiata,2012/04/22,28,Amb,400,Dry,518,7.34
E. radiata,2012/04/22,28,Amb,400,Dry,519,7.65
E. radiata,2012/04/22,28,Amb,400,Wet,520,21.67
E. radiata,2012/04/22,28,Amb,640,Dry,601,8.25
E. radiata,2012/04/22,28,Amb,640,Wet,602,22.20
E. radiata,2012/04/22,28,Amb,640,Wet,603,22.10
E. radiata,2012/04/22,28,Amb,640,Dry,604,7.58
E. radiata,2012/04/22,28,Amb,640,Wet,605,22.07
E. radiata,2012/04/22,28,Amb,640,Wet,606,21.28
E. radiata,2012/04/22,28,Amb,640,Dry,607,8.66
E. radiata,2012/04/22,28,Amb,640,Dry,608,8.43
E. radiata,2012/04/22,28,Amb,640,Wet,609,21.30
E. radiata,2012/04/22,28,Amb,640,Dry,610,7.66
E. radiata,2012/04/22,28,Amb,640,Dry,611,7.97
E. radiata,2012/04/22,28,Amb,640,Dry,614,6.96
E. radiata,2012/04/22,28,Amb,640,Dry,615,8.28
E. radiata,2012/04/22,28,Amb,640,Wet,616,22.44
E. radiata,2012/04/22,28,Amb,640,Dry,618,8.50
E. radiata,2012/04/22,28,Amb,640,Wet,619,21.39
E. radiata,2012/04/22,28,Amb,640,Dry,620,12.93
E. radiata,2012/04/25,31,Elv,640,Wet,301,17.74
E. radiata,2012/04/25,31,Elv,640,Wet,302,20.49
E. radiata,2012/04/25,31,Elv,640,Dry,303,7.30
E. radiata,2012/04/25,31,Elv,640,Dry,305,10.53
E. radiata,2012/04/25,31,Elv,640,Dry,306,9.50
E. radiata,2012/04/25,31,Elv,640,Wet,307,21.07
E. radiata,2012/04/25,31,Elv,640,Wet,308,18.85
E. radiata,2012/04/25,31,Elv,640,Dry,309,7.28
E. radiata,2012/04/25,31,Elv,640,Wet,310,15.93
E. radiata,2012/04/25,31,Elv,640,Wet,311,19.76
E. radiata,2012/04/25,31,Elv,640,Dry,312,10.38
E. radiata,2012/04/25,31,Elv,640,Dry,313,9.41
E. radiata,2012/04/25,31,Elv,640,Dry,314,5.99
E. radiata,2012/04/25,31,Elv,640,Dry,317,7.79
E. radiata,2012/04/25,31,Elv,640,Dry,318,11.01
E. radiata,2012/04/25,31,Elv,640,Dry,319,11.19
E. radiata,2012/04/25,31,Elv,640,Wet,320,20.61
E. radiata,2012/04/25,31,Elv,400,Wet,401,18.45
E. radiata,2012/04/25,31,Elv,400,Wet,403,20.02
E. radiata,2012/04/25,31,Elv,400,Dry,404,10.66
E. radiata,2012/04/25,31,Elv,400,Wet,405,19.67
E. radiata,2012/04/25,31,Elv,400,Dry,406,8.44
E. radiata,2012/04/25,31,Elv,400,Dry,407,8.71
E. radiata,2012/04/25,31,Elv,400,Wet,408,19.52
E. radiata,2012/04/25,31,Elv,400,Dry,409,12.56
E. radiata,2012/04/25,31,Elv,400,Wet,410,18.71
E. radiata,2012/04/25,31,Elv,400,Dry,411,11.10
E. radiata,2012/04/25,31,Elv,400,Dry,412,9.56
E. radiata,2012/04/25,31,Elv,400,Dry,414,7.43
E. radiata,2012/04/25,31,Elv,400,Wet,415,17.98
E. radiata,2012/04/25,31,Elv,400,Wet,416,18.70
E. radiata,2012/04/25,31,Elv,400,Dry,417,7.44
E. radiata,2012/04/25,31,Elv,400,Dry,419,8.47
E. radiata,2012/04/25,31,Elv,400,Dry,420,5.98
E. radiata,2012/04/25,31,Amb,400,Wet,501,21.42
E. radiata,2012/04/25,31,Amb,400,Dry,502,6.58
E. radiata,2012/04/25,31,Amb,400,Dry,504,8.35
E. radiata,2012/04/25,31,Amb,400,Dry,506,7.40
E. radiata,2012/04/25,31,Amb,400,Wet,507,21.61
E. radiata,2012/04/25,31,Amb,400,Dry,508,7.05
E. radiata,2012/04/25,31,Amb,400,Dry,509,8.37
E. radiata,2012/04/25,31,Amb,400,Dry,510,8.43
E. radiata,2012/04/25,31,Amb,400,Wet,511,21.40
E. radiata,2012/04/25,31,Amb,400,Wet,512,21.67
E. radiata,2012/04/25,31,Amb,400,Dry,513,7.92
E. radiata,2012/04/25,31,Amb,400,Wet,515,21.20
E. radiata,2012/04/25,31,Amb,400,Wet,516,19.75
E. radiata,2012/04/25,31,Amb,400,Dry,517,7.67
E. radiata,2012/04/25,31,Amb,400,Dry,518,7.23
E. radiata,2012/04/25,31,Amb,400,Dry,519,7.55
E. radiata,2012/04/25,31,Amb,400,Wet,520,20.07
E. radiata,2012/04/25,31,Amb,640,Dry,601,7.83
E. radiata,2012/04/25,31,Amb,640,Wet,602,21.54
E. radiata,2012/04/25,31,Amb,640,Wet,603,22.00
E. radiata,2012/04/25,31,Amb,640,Dry,604,6.96
E. radiata,2012/04/25,31,Amb,640,Wet,605,22.03
E. radiata,2012/04/25,31,Amb,640,Wet,606,20.74
E. radiata,2012/04/25,31,Amb,640,Dry,607,8.41
E. radiata,2012/04/25,31,Amb,640,Dry,608,7.85
E. radiata,2012/04/25,31,Amb,640,Wet,609,19.91
E. radiata,2012/04/25,31,Amb,640,Dry,610,7.42
E. radiata,2012/04/25,31,Amb,640,Dry,611,7.38
E. radiata,2012/04/25,31,Amb,640,Dry,614,5.96
E. radiata,2012/04/25,31,Amb,640,Dry,615,7.51
E. radiata,2012/04/25,31,Amb,640,Wet,616,22.07
E. radiata,2012/04/25,31,Amb,640,Dry,618,7.49
E. radiata,2012/04/25,31,Amb,640,Wet,619,20.26
E. radiata,2012/04/25,31,Amb,640,Dry,620,12.49
E. radiata,2012/04/27,33,Elv,640,Wet,301,16.73
E. radiata,2012/04/27,33,Elv,640,Wet,302,20.96
E. radiata,2012/04/27,33,Elv,640,Dry,303,23.61
E. radiata,2012/04/27,33,Elv,640,Dry,305,22.94
E. radiata,2012/04/27,33,Elv,640,Dry,306,23.26
E. radiata,2012/04/27,33,Elv,640,Wet,307,21.21
E. radiata,2012/04/27,33,Elv,640,Wet,308,18.77
E. radiata,2012/04/27,33,Elv,640,Dry,309,22.37
E. radiata,2012/04/27,33,Elv,640,Wet,310,17.23
E. radiata,2012/04/27,33,Elv,640,Wet,311,19.79
E. radiata,2012/04/27,33,Elv,640,Dry,312,23.23
E. radiata,2012/04/27,33,Elv,640,Dry,313,22.23
E. radiata,2012/04/27,33,Elv,640,Dry,314,23.18
E. radiata,2012/04/27,33,Elv,640,Dry,317,22.78
E. radiata,2012/04/27,33,Elv,640,Dry,318,23.22
E. radiata,2012/04/27,33,Elv,640,Dry,319,23.08
E. radiata,2012/04/27,33,Elv,640,Wet,320,19.94
E. radiata,2012/04/27,33,Elv,400,Wet,401,18.23
E. radiata,2012/04/27,33,Elv,400,Wet,403,20.04
E. radiata,2012/04/27,33,Elv,400,Dry,404,22.73
E. radiata,2012/04/27,33,Elv,400,Wet,405,19.61
E. radiata,2012/04/27,33,Elv,400,Dry,406,22.50
E. radiata,2012/04/27,33,Elv,400,Dry,407,21.91
E. radiata,2012/04/27,33,Elv,400,Wet,408,19.14
E. radiata,2012/04/27,33,Elv,400,Dry,409,22.41
E. radiata,2012/04/27,33,Elv,400,Wet,410,19.28
E. radiata,2012/04/27,33,Elv,400,Dry,411,23.12
E. radiata,2012/04/27,33,Elv,400,Dry,412,22.97
E. radiata,2012/04/27,33,Elv,400,Dry,414,22.97
E. radiata,2012/04/27,33,Elv,400,Wet,415,18.74
E. radiata,2012/04/27,33,Elv,400,Wet,416,18.45
E. radiata,2012/04/27,33,Elv,400,Dry,417,21.04
E. radiata,2012/04/27,33,Elv,400,Dry,419,23.09
E. radiata,2012/04/27,33,Elv,400,Dry,420,22.49
E. radiata,2012/04/27,33,Amb,400,Wet,501,20.95
E. radiata,2012/04/27,33,Amb,400,Dry,502,23.38
E. radiata,2012/04/27,33,Amb,400,Dry,504,23.42
E. radiata,2012/04/27,33,Amb,400,Dry,506,23.92
E. radiata,2012/04/27,33,Amb,400,Wet,507,21.51
E. radiata,2012/04/27,33,Amb,400,Dry,508,23.87
E. radiata,2012/04/27,33,Amb,400,Dry,509,23.75
E. radiata,2012/04/27,33,Amb,400,Dry,510,23.48
E. radiata,2012/04/27,33,Amb,400,Wet,511,21.08
E. radiata,2012/04/27,33,Amb,400,Wet,512,21.34
E. radiata,2012/04/27,33,Amb,400,Dry,513,23.77
E. radiata,2012/04/27,33,Amb,400,Wet,515,20.44
E. radiata,2012/04/27,33,Amb,400,Wet,516,19.67
E. radiata,2012/04/27,33,Amb,400,Dry,517,23.53
E. radiata,2012/04/27,33,Amb,400,Dry,518,23.83
E. radiata,2012/04/27,33,Amb,400,Dry,519,23.31
E. radiata,2012/04/27,33,Amb,400,Wet,520,20.38
E. radiata,2012/04/27,33,Amb,640,Dry,601,24.21
E. radiata,2012/04/27,33,Amb,640,Wet,602,21.24
E. radiata,2012/04/27,33,Amb,640,Wet,603,22.15
E. radiata,2012/04/27,33,Amb,640,Dry,604,23.93
E. radiata,2012/04/27,33,Amb,640,Wet,605,22.07
E. radiata,2012/04/27,33,Amb,640,Wet,606,20.43
E. radiata,2012/04/27,33,Amb,640,Dry,607,24.12
E. radiata,2012/04/27,33,Amb,640,Dry,608,23.92
E. radiata,2012/04/27,33,Amb,640,Wet,609,20.05
E. radiata,2012/04/27,33,Amb,640,Dry,610,23.70
E. radiata,2012/04/27,33,Amb,640,Dry,611,23.55
E. radiata,2012/04/27,33,Amb,640,Dry,614,23.73
E. radiata,2012/04/27,33,Amb,640,Dry,615,23.69
E. radiata,2012/04/27,33,Amb,640,Wet,616,21.73
E. radiata,2012/04/27,33,Amb,640,Dry,618,22.74
E. radiata,2012/04/27,33,Amb,640,Wet,619,20.75
E. radiata,2012/04/27,33,Amb,640,Dry,620,23.64
E. radiata,2012/04/29,35,Elv,640,Wet,301,19.12
E. radiata,2012/04/29,35,Elv,640,Wet,302,22.09
E. radiata,2012/04/29,35,Elv,640,Dry,303,22.97
E. radiata,2012/04/29,35,Elv,640,Dry,305,21.51
E. radiata,2012/04/29,35,Elv,640,Dry,306,22.43
E. radiata,2012/04/29,35,Elv,640,Wet,307,22.20
E. radiata,2012/04/29,35,Elv,640,Wet,308,20.00
E. radiata,2012/04/29,35,Elv,640,Dry,309,21.27
E. radiata,2012/04/29,35,Elv,640,Wet,310,18.65
E. radiata,2012/04/29,35,Elv,640,Wet,311,21.26
E. radiata,2012/04/29,35,Elv,640,Dry,312,22.59
E. radiata,2012/04/29,35,Elv,640,Dry,313,21.31
E. radiata,2012/04/29,35,Elv,640,Dry,314,22.77
E. radiata,2012/04/29,35,Elv,640,Dry,317,22.25
E. radiata,2012/04/29,35,Elv,640,Dry,318,22.56
E. radiata,2012/04/29,35,Elv,640,Dry,319,21.83
E. radiata,2012/04/29,35,Elv,640,Wet,320,20.78
E. radiata,2012/04/29,35,Elv,400,Wet,401,19.41
E. radiata,2012/04/29,35,Elv,400,Wet,403,20.86
E. radiata,2012/04/29,35,Elv,400,Dry,404,22.33
E. radiata,2012/04/29,35,Elv,400,Wet,405,20.31
E. radiata,2012/04/29,35,Elv,400,Dry,406,21.89
E. radiata,2012/04/29,35,Elv,400,Dry,407,21.71
E. radiata,2012/04/29,35,Elv,400,Wet,408,20.11
E. radiata,2012/04/29,35,Elv,400,Dry,409,21.47
E. radiata,2012/04/29,35,Elv,400,Wet,410,19.85
E. radiata,2012/04/29,35,Elv,400,Dry,411,22.54
E. radiata,2012/04/29,35,Elv,400,Dry,412,22.39
E. radiata,2012/04/29,35,Elv,400,Dry,414,22.54
E. radiata,2012/04/29,35,Elv,400,Wet,415,19.29
E. radiata,2012/04/29,35,Elv,400,Wet,416,19.52
E. radiata,2012/04/29,35,Elv,400,Dry,417,20.61
E. radiata,2012/04/29,35,Elv,400,Dry,419,22.67
E. radiata,2012/04/29,35,Elv,400,Dry,420,22.36
E. radiata,2012/04/29,35,Amb,400,Wet,501,21.49
E. radiata,2012/04/29,35,Amb,400,Dry,502,22.90
E. radiata,2012/04/29,35,Amb,400,Dry,504,22.89
E. radiata,2012/04/29,35,Amb,400,Dry,506,23.43
E. radiata,2012/04/29,35,Amb,400,Wet,507,21.82
E. radiata,2012/04/29,35,Amb,400,Dry,508,23.14
E. radiata,2012/04/29,35,Amb,400,Dry,509,23.17
E. radiata,2012/04/29,35,Amb,400,Dry,510,23.14
E. radiata,2012/04/29,35,Amb,400,Wet,511,21.54
E. radiata,2012/04/29,35,Amb,400,Wet,512,22.02
E. radiata,2012/04/29,35,Amb,400,Dry,513,23.35
E. radiata,2012/04/29,35,Amb,400,Wet,515,21.12
E. radiata,2012/04/29,35,Amb,400,Wet,516,20.73
E. radiata,2012/04/29,35,Amb,400,Dry,517,23.14
E. radiata,2012/04/29,35,Amb,400,Dry,518,23.60
E. radiata,2012/04/29,35,Amb,400,Dry,519,22.84
E. radiata,2012/04/29,35,Amb,400,Wet,520,21.33
E. radiata,2012/04/29,35,Amb,640,Dry,601,23.77
E. radiata,2012/04/29,35,Amb,640,Wet,602,21.86
E. radiata,2012/04/29,35,Amb,640,Wet,603,22.71
E. radiata,2012/04/29,35,Amb,640,Dry,604,23.28
E. radiata,2012/04/29,35,Amb,640,Wet,605,22.48
E. radiata,2012/04/29,35,Amb,640,Wet,606,21.24
E. radiata,2012/04/29,35,Amb,640,Dry,607,23.72
E. radiata,2012/04/29,35,Amb,640,Dry,608,23.25
E. radiata,2012/04/29,35,Amb,640,Wet,609,20.73
E. radiata,2012/04/29,35,Amb,640,Dry,610,23.00
E. radiata,2012/04/29,35,Amb,640,Dry,611,23.41
E. radiata,2012/04/29,35,Amb,640,Dry,614,23.59
E. radiata,2012/04/29,35,Amb,640,Dry,615,23.25
E. radiata,2012/04/29,35,Amb,640,Wet,616,22.42
E. radiata,2012/04/29,35,Amb,640,Dry,618,22.44
E. radiata,2012/04/29,35,Amb,640,Wet,619,21.56
E. radiata,2012/04/29,35,Amb,640,Dry,620,23.17
E. radiata,2012/05/02,38,Elv,640,Wet,301,15.32
E. radiata,2012/05/02,38,Elv,640,Wet,302,20.46
E. radiata,2012/05/02,38,Elv,640,Dry,303,21.71
E. radiata,2012/05/02,38,Elv,640,Dry,305,19.84
E. radiata,2012/05/02,38,Elv,640,Dry,306,20.87
E. radiata,2012/05/02,38,Elv,640,Wet,307,20.75
E. radiata,2012/05/02,38,Elv,640,Wet,308,17.53
E. radiata,2012/05/02,38,Elv,640,Dry,309,19.59
E. radiata,2012/05/02,38,Elv,640,Wet,310,15.30
E. radiata,2012/05/02,38,Elv,640,Wet,311,18.53
E. radiata,2012/05/02,38,Elv,640,Dry,312,20.67
E. radiata,2012/05/02,38,Elv,640,Dry,313,18.36
E. radiata,2012/05/02,38,Elv,640,Dry,314,21.24
E. radiata,2012/05/02,38,Elv,640,Dry,317,20.16
E. radiata,2012/05/02,38,Elv,640,Dry,318,20.34
E. radiata,2012/05/02,38,Elv,640,Dry,319,19.08
E. radiata,2012/05/02,38,Elv,640,Wet,320,18.17
E. radiata,2012/05/02,38,Elv,400,Wet,401,15.97
E. radiata,2012/05/02,38,Elv,400,Wet,403,18.23
E. radiata,2012/05/02,38,Elv,400,Dry,404,19.96
E. radiata,2012/05/02,38,Elv,400,Wet,405,17.63
E. radiata,2012/05/02,38,Elv,400,Dry,406,19.75
E. radiata,2012/05/02,38,Elv,400,Dry,407,19.24
E. radiata,2012/05/02,38,Elv,400,Wet,408,16.71
E. radiata,2012/05/02,38,Elv,400,Dry,409,18.56
E. radiata,2012/05/02,38,Elv,400,Wet,410,16.46
E. radiata,2012/05/02,38,Elv,400,Dry,411,20.62
E. radiata,2012/05/02,38,Elv,400,Dry,412,20.52
E. radiata,2012/05/02,38,Elv,400,Dry,414,20.79
E. radiata,2012/05/02,38,Elv,400,Wet,415,15.37
E. radiata,2012/05/02,38,Elv,400,Wet,416,16.24
E. radiata,2012/05/02,38,Elv,400,Dry,417,17.20
E. radiata,2012/05/02,38,Elv,400,Dry,419,20.79
E. radiata,2012/05/02,38,Elv,400,Dry,420,20.29
E. radiata,2012/05/02,38,Amb,400,Wet,501,20.00
E. radiata,2012/05/02,38,Amb,400,Dry,502,21.40
E. radiata,2012/05/02,38,Amb,400,Dry,504,21.24
E. radiata,2012/05/02,38,Amb,400,Dry,506,21.91
E. radiata,2012/05/02,38,Amb,400,Wet,507,19.91
E. radiata,2012/05/02,38,Amb,400,Dry,508,21.30
E. radiata,2012/05/02,38,Amb,400,Dry,509,21.38
E. radiata,2012/05/02,38,Amb,400,Dry,510,21.83
E. radiata,2012/05/02,38,Amb,400,Wet,511,19.40
E. radiata,2012/05/02,38,Amb,400,Wet,512,20.13
E. radiata,2012/05/02,38,Amb,400,Dry,513,21.83
E. radiata,2012/05/02,38,Amb,400,Wet,515,19.35
E. radiata,2012/05/02,38,Amb,400,Wet,516,18.68
E. radiata,2012/05/02,38,Amb,400,Dry,517,22.10
E. radiata,2012/05/02,38,Amb,400,Dry,518,22.06
E. radiata,2012/05/02,38,Amb,400,Dry,519,21.24
E. radiata,2012/05/02,38,Amb,400,Wet,520,19.29
E. radiata,2012/05/02,38,Amb,640,Dry,601,22.17
E. radiata,2012/05/02,38,Amb,640,Wet,602,19.73
E. radiata,2012/05/02,38,Amb,640,Wet,603,21.33
E. radiata,2012/05/02,38,Amb,640,Dry,604,21.66
E. radiata,2012/05/02,38,Amb,640,Wet,605,21.05
E. radiata,2012/05/02,38,Amb,640,Wet,606,19.10
E. radiata,2012/05/02,38,Amb,640,Dry,607,21.74
E. radiata,2012/05/02,38,Amb,640,Dry,608,22.02
E. radiata,2012/05/02,38,Amb,640,Wet,609,17.87
E. radiata,2012/05/02,38,Amb,640,Dry,610,21.22
E. radiata,2012/05/02,38,Amb,640,Dry,611,22.23
E. radiata,2012/05/02,38,Amb,640,Dry,614,22.64
E. radiata,2012/05/02,38,Amb,640,Dry,615,21.65
E. radiata,2012/05/02,38,Amb,640,Wet,616,21.04
E. radiata,2012/05/02,38,Amb,640,Dry,618,21.20
E. radiata,2012/05/02,38,Amb,640,Wet,619,18.92
E. radiata,2012/05/02,38,Amb,640,Dry,620,21.89
E. radiata,2012/05/04,40,Elv,640,Wet,301,16.30
E. radiata,2012/05/04,40,Elv,640,Wet,302,20.92
E. radiata,2012/05/04,40,Elv,640,Dry,303,21.67
E. radiata,2012/05/04,40,Elv,640,Dry,305,19.17
E. radiata,2012/05/04,40,Elv,640,Dry,306,21.30
E. radiata,2012/05/04,40,Elv,640,Wet,307,21.09
E. radiata,2012/05/04,40,Elv,640,Wet,308,18.75
E. radiata,2012/05/04,40,Elv,640,Dry,309,19.38
E. radiata,2012/05/04,40,Elv,640,Wet,310,17.36
E. radiata,2012/05/04,40,Elv,640,Wet,311,19.63
E. radiata,2012/05/04,40,Elv,640,Dry,312,20.55
E. radiata,2012/05/04,40,Elv,640,Dry,313,18.89
E. radiata,2012/05/04,40,Elv,640,Dry,314,21.22
E. radiata,2012/05/04,40,Elv,640,Dry,317,19.72
E. radiata,2012/05/04,40,Elv,640,Dry,318,19.81
E. radiata,2012/05/04,40,Elv,640,Dry,319,18.85
E. radiata,2012/05/04,40,Elv,640,Wet,320,17.84
E. radiata,2012/05/04,40,Elv,400,Wet,401,17.51
E. radiata,2012/05/04,40,Elv,400,Wet,403,19.20
E. radiata,2012/05/04,40,Elv,400,Dry,404,19.72
E. radiata,2012/05/04,40,Elv,400,Wet,405,18.06
E. radiata,2012/05/04,40,Elv,400,Dry,406,19.68
E. radiata,2012/05/04,40,Elv,400,Dry,407,19.15
E. radiata,2012/05/04,40,Elv,400,Wet,408,16.99
E. radiata,2012/05/04,40,Elv,400,Dry,409,18.31
E. radiata,2012/05/04,40,Elv,400,Wet,410,17.47
E. radiata,2012/05/04,40,Elv,400,Dry,411,20.60
E. radiata,2012/05/04,40,Elv,400,Dry,412,20.08
E. radiata,2012/05/04,40,Elv,400,Dry,414,20.48
E. radiata,2012/05/04,40,Elv,400,Wet,415,17.71
E. radiata,2012/05/04,40,Elv,400,Wet,416,16.03
E. radiata,2012/05/04,40,Elv,400,Dry,417,18.24
E. radiata,2012/05/04,40,Elv,400,Dry,419,21.09
E. radiata,2012/05/04,40,Elv,400,Dry,420,20.57
E. radiata,2012/05/04,40,Amb,400,Wet,501,20.63
E. radiata,2012/05/04,40,Amb,400,Dry,502,21.50
E. radiata,2012/05/04,40,Amb,400,Dry,504,20.85
E. radiata,2012/05/04,40,Amb,400,Dry,506,21.30
E. radiata,2012/05/04,40,Amb,400,Wet,507,20.33
E. radiata,2012/05/04,40,Amb,400,Dry,508,20.57
E. radiata,2012/05/04,40,Amb,400,Dry,509,21.01
E. radiata,2012/05/04,40,Amb,400,Dry,510,21.83
E. radiata,2012/05/04,40,Amb,400,Wet,511,18.91
E. radiata,2012/05/04,40,Amb,400,Wet,512,19.87
E. radiata,2012/05/04,40,Amb,400,Dry,513,21.89
E. radiata,2012/05/04,40,Amb,400,Wet,515,19.75
E. radiata,2012/05/04,40,Amb,400,Wet,516,19.75
E. radiata,2012/05/04,40,Amb,400,Dry,517,21.88
E. radiata,2012/05/04,40,Amb,400,Dry,518,22.13
E. radiata,2012/05/04,40,Amb,400,Dry,519,20.66
E. radiata,2012/05/04,40,Amb,400,Wet,520,18.98
E. radiata,2012/05/04,40,Amb,640,Dry,601,21.88
E. radiata,2012/05/04,40,Amb,640,Wet,602,19.46
E. radiata,2012/05/04,40,Amb,640,Wet,603,21.78
E. radiata,2012/05/04,40,Amb,640,Dry,604,21.71
E. radiata,2012/05/04,40,Amb,640,Wet,605,21.26
E. radiata,2012/05/04,40,Amb,640,Wet,606,19.67
E. radiata,2012/05/04,40,Amb,640,Dry,607,20.85
E. radiata,2012/05/04,40,Amb,640,Dry,608,22.37
E. radiata,2012/05/04,40,Amb,640,Wet,609,18.19
E. radiata,2012/05/04,40,Amb,640,Dry,610,20.96
E. radiata,2012/05/04,40,Amb,640,Dry,611,22.00
E. radiata,2012/05/04,40,Amb,640,Dry,614,22.62
E. radiata,2012/05/04,40,Amb,640,Dry,615,21.13
E. radiata,2012/05/04,40,Amb,640,Wet,616,21.34
E. radiata,2012/05/04,40,Amb,640,Dry,618,21.38
E. radiata,2012/05/04,40,Amb,640,Wet,619,19.53
E. radiata,2012/05/04,40,Amb,640,Dry,620,22.20
E. radiata,2012/05/06,42,Elv,640,Wet,301,11.81
E. radiata,2012/05/06,42,Elv,640,Wet,302,18.65
E. radiata,2012/05/06,42,Elv,640,Dry,303,19.23
E. radiata,2012/05/06,42,Elv,640,Dry,305,15.97
E. radiata,2012/05/06,42,Elv,640,Dry,306,18.24
E. radiata,2012/05/06,42,Elv,640,Wet,307,18.65
E. radiata,2012/05/06,42,Elv,640,Wet,308,14.66
E. radiata,2012/05/06,42,Elv,640,Dry,309,16.36
E. radiata,2012/05/06,42,Elv,640,Wet,310,12.75
E. radiata,2012/05/06,42,Elv,640,Wet,311,16.13
E. radiata,2012/05/06,42,Elv,640,Dry,312,17.29
E. radiata,2012/05/06,42,Elv,640,Dry,313,14.42
E. radiata,2012/05/06,42,Elv,640,Dry,314,18.71
E. radiata,2012/05/06,42,Elv,640,Dry,317,16.72
E. radiata,2012/05/06,42,Elv,640,Dry,318,16.71
E. radiata,2012/05/06,42,Elv,640,Dry,319,15.50
E. radiata,2012/05/06,42,Elv,640,Wet,320,14.48
E. radiata,2012/05/06,42,Elv,400,Wet,401,13.04
E. radiata,2012/05/06,42,Elv,400,Wet,403,15.74
E. radiata,2012/05/06,42,Elv,400,Dry,404,15.82
E. radiata,2012/05/06,42,Elv,400,Wet,405,15.04
E. radiata,2012/05/06,42,Elv,400,Dry,406,16.69
E. radiata,2012/05/06,42,Elv,400,Dry,407,15.73
E. radiata,2012/05/06,42,Elv,400,Wet,408,12.82
E. radiata,2012/05/06,42,Elv,400,Dry,409,15.21
E. radiata,2012/05/06,42,Elv,400,Wet,410,14.01
E. radiata,2012/05/06,42,Elv,400,Dry,411,18.12
E. radiata,2012/05/06,42,Elv,400,Dry,412,17.24
E. radiata,2012/05/06,42,Elv,400,Dry,414,17.80
E. radiata,2012/05/06,42,Elv,400,Wet,415,13.38
E. radiata,2012/05/06,42,Elv,400,Wet,416,11.66
E. radiata,2012/05/06,42,Elv,400,Dry,417,12.33
E. radiata,2012/05/06,42,Elv,400,Dry,419,18.27
E. radiata,2012/05/06,42,Elv,400,Dry,420,17.49
E. radiata,2012/05/06,42,Amb,400,Wet,501,17.80
E. radiata,2012/05/06,42,Amb,400,Dry,502,18.98
E. radiata,2012/05/06,42,Amb,400,Dry,504,18.63
E. radiata,2012/05/06,42,Amb,400,Dry,506,19.18
E. radiata,2012/05/06,42,Amb,400,Wet,507,17.58
E. radiata,2012/05/06,42,Amb,400,Dry,508,18.35
E. radiata,2012/05/06,42,Amb,400,Dry,509,18.85
E. radiata,2012/05/06,42,Amb,400,Dry,510,19.56
E. radiata,2012/05/06,42,Amb,400,Wet,511,15.86
E. radiata,2012/05/06,42,Amb,400,Wet,512,17.35
E. radiata,2012/05/06,42,Amb,400,Dry,513,19.65
E. radiata,2012/05/06,42,Amb,400,Wet,515,16.60
E. radiata,2012/05/06,42,Amb,400,Wet,516,16.35
E. radiata,2012/05/06,42,Amb,400,Dry,517,20.26
E. radiata,2012/05/06,42,Amb,400,Dry,518,20.11
E. radiata,2012/05/06,42,Amb,400,Dry,519,18.42
E. radiata,2012/05/06,42,Amb,400,Wet,520,16.02
E. radiata,2012/05/06,42,Amb,640,Dry,601,19.94
E. radiata,2012/05/06,42,Amb,640,Wet,602,16.19
E. radiata,2012/05/06,42,Amb,640,Wet,603,20.02
E. radiata,2012/05/06,42,Amb,640,Dry,604,19.22
E. radiata,2012/05/06,42,Amb,640,Wet,605,18.74
E. radiata,2012/05/06,42,Amb,640,Wet,606,16.99
E. radiata,2012/05/06,42,Amb,640,Dry,607,18.77
E. radiata,2012/05/06,42,Amb,640,Dry,608,20.04
E. radiata,2012/05/06,42,Amb,640,Wet,609,14.45
E. radiata,2012/05/06,42,Amb,640,Dry,610,18.38
E. radiata,2012/05/06,42,Amb,640,Dry,611,20.13
E. radiata,2012/05/06,42,Amb,640,Dry,614,21.08
E. radiata,2012/05/06,42,Amb,640,Dry,615,18.97
E. radiata,2012/05/06,42,Amb,640,Wet,616,18.65
E. radiata,2012/05/06,42,Amb,640,Dry,618,19.86
E. radiata,2012/05/06,42,Amb,640,Wet,619,15.73
E. radiata,2012/05/06,42,Amb,640,Dry,620,19.68
E. radiata,2012/05/09,45,Elv,640,Wet,301,16.20
E. radiata,2012/05/09,45,Elv,640,Wet,302,20.68
E. radiata,2012/05/09,45,Elv,640,Dry,303,19.16
E. radiata,2012/05/09,45,Elv,640,Dry,305,16.90
E. radiata,2012/05/09,45,Elv,640,Dry,306,18.38
E. radiata,2012/05/09,45,Elv,640,Wet,307,20.70
E. radiata,2012/05/09,45,Elv,640,Wet,308,18.44
E. radiata,2012/05/09,45,Elv,640,Dry,309,16.61
E. radiata,2012/05/09,45,Elv,640,Wet,310,17.99
E. radiata,2012/05/09,45,Elv,640,Wet,311,19.37
E. radiata,2012/05/09,45,Elv,640,Dry,312,16.65
E. radiata,2012/05/09,45,Elv,640,Dry,313,15.62
E. radiata,2012/05/09,45,Elv,640,Dry,314,18.47
E. radiata,2012/05/09,45,Elv,640,Dry,317,17.12
E. radiata,2012/05/09,45,Elv,640,Dry,318,16.43
E. radiata,2012/05/09,45,Elv,640,Dry,319,16.11
E. radiata,2012/05/09,45,Elv,640,Wet,320,18.73
E. radiata,2012/05/09,45,Elv,400,Wet,401,16.38
E. radiata,2012/05/09,45,Elv,400,Wet,403,19.10
E. radiata,2012/05/09,45,Elv,400,Dry,404,15.90
E. radiata,2012/05/09,45,Elv,400,Wet,405,15.82
E. radiata,2012/05/09,45,Elv,400,Dry,406,16.73
E. radiata,2012/05/09,45,Elv,400,Dry,407,16.37
E. radiata,2012/05/09,45,Elv,400,Wet,408,17.06
E. radiata,2012/05/09,45,Elv,400,Dry,409,15.77
E. radiata,2012/05/09,45,Elv,400,Wet,410,17.28
E. radiata,2012/05/09,45,Elv,400,Dry,411,17.95
E. radiata,2012/05/09,45,Elv,400,Dry,412,17.08
E. radiata,2012/05/09,45,Elv,400,Dry,414,17.47
E. radiata,2012/05/09,45,Elv,400,Wet,415,17.83
E. radiata,2012/05/09,45,Elv,400,Wet,416,16.75
E. radiata,2012/05/09,45,Elv,400,Dry,417,12.80
E. radiata,2012/05/09,45,Elv,400,Dry,419,17.96
E. radiata,2012/05/09,45,Elv,400,Dry,420,16.89
E. radiata,2012/05/09,45,Amb,400,Wet,501,20.81
E. radiata,2012/05/09,45,Amb,400,Dry,502,18.86
E. radiata,2012/05/09,45,Amb,400,Dry,504,18.60
E. radiata,2012/05/09,45,Amb,400,Dry,506,19.14
E. radiata,2012/05/09,45,Amb,400,Wet,507,19.85
E. radiata,2012/05/09,45,Amb,400,Dry,508,18.42
E. radiata,2012/05/09,45,Amb,400,Dry,509,18.75
E. radiata,2012/05/09,45,Amb,400,Dry,510,19.22
E. radiata,2012/05/09,45,Amb,400,Wet,511,19.08
E. radiata,2012/05/09,45,Amb,400,Wet,512,20.17
E. radiata,2012/05/09,45,Amb,400,Dry,513,19.15
E. radiata,2012/05/09,45,Amb,400,Wet,515,19.87
E. radiata,2012/05/09,45,Amb,400,Wet,516,19.87
E. radiata,2012/05/09,45,Amb,400,Dry,517,19.90
E. radiata,2012/05/09,45,Amb,400,Dry,518,19.45
E. radiata,2012/05/09,45,Amb,400,Dry,519,18.48
E. radiata,2012/05/09,45,Amb,400,Wet,520,19.11
E. radiata,2012/05/09,45,Amb,640,Dry,601,18.81
E. radiata,2012/05/09,45,Amb,640,Wet,602,17.77
E. radiata,2012/05/09,45,Amb,640,Wet,603,22.02
E. radiata,2012/05/09,45,Amb,640,Dry,604,18.85
E. radiata,2012/05/09,45,Amb,640,Wet,605,20.91
E. radiata,2012/05/09,45,Amb,640,Wet,606,18.74
E. radiata,2012/05/09,45,Amb,640,Dry,607,19.11
E. radiata,2012/05/09,45,Amb,640,Dry,608,19.26
E. radiata,2012/05/09,45,Amb,640,Wet,609,18.23
E. radiata,2012/05/09,45,Amb,640,Dry,610,18.19
E. radiata,2012/05/09,45,Amb,640,Dry,611,19.87
E. radiata,2012/05/09,45,Amb,640,Dry,614,20.02
E. radiata,2012/05/09,45,Amb,640,Dry,615,18.93
E. radiata,2012/05/09,45,Amb,640,Wet,616,20.99
E. radiata,2012/05/09,45,Amb,640,Dry,618,20.10
E. radiata,2012/05/09,45,Amb,640,Wet,619,19.69
E. radiata,2012/05/09,45,Amb,640,Dry,620,18.89
E. radiata,2012/05/11,47,Elv,640,Wet,301,18.82
E. radiata,2012/05/11,47,Elv,640,Wet,302,23.26
E. radiata,2012/05/11,47,Elv,640,Dry,303,18.86
E. radiata,2012/05/11,47,Elv,640,Dry,305,16.99
E. radiata,2012/05/11,47,Elv,640,Dry,306,18.06
E. radiata,2012/05/11,47,Elv,640,Wet,307,22.14
E. radiata,2012/05/11,47,Elv,640,Wet,308,19.97
E. radiata,2012/05/11,47,Elv,640,Dry,309,16.63
E. radiata,2012/05/11,47,Elv,640,Wet,310,19.23
E. radiata,2012/05/11,47,Elv,640,Wet,311,20.61
E. radiata,2012/05/11,47,Elv,640,Dry,312,16.88
E. radiata,2012/05/11,47,Elv,640,Dry,313,15.54
E. radiata,2012/05/11,47,Elv,640,Dry,314,18.19
E. radiata,2012/05/11,47,Elv,640,Dry,317,16.94
E. radiata,2012/05/11,47,Elv,640,Dry,318,16.42
E. radiata,2012/05/11,47,Elv,640,Dry,319,16.08
E. radiata,2012/05/11,47,Elv,640,Wet,320,20.34
E. radiata,2012/05/11,47,Elv,400,Wet,401,19.46
E. radiata,2012/05/11,47,Elv,400,Wet,403,20.63
E. radiata,2012/05/11,47,Elv,400,Dry,404,16.09
E. radiata,2012/05/11,47,Elv,400,Wet,405,19.52
E. radiata,2012/05/11,47,Elv,400,Dry,406,16.78
E. radiata,2012/05/11,47,Elv,400,Dry,407,16.48
E. radiata,2012/05/11,47,Elv,400,Wet,408,19.23
E. radiata,2012/05/11,47,Elv,400,Dry,409,16.42
E. radiata,2012/05/11,47,Elv,400,Wet,410,19.41
E. radiata,2012/05/11,47,Elv,400,Dry,411,17.63
E. radiata,2012/05/11,47,Elv,400,Dry,412,17.25
E. radiata,2012/05/11,47,Elv,400,Dry,414,17.41
E. radiata,2012/05/11,47,Elv,400,Wet,415,18.77
E. radiata,2012/05/11,47,Elv,400,Wet,416,18.88
E. radiata,2012/05/11,47,Elv,400,Dry,417,14.17
E. radiata,2012/05/11,47,Elv,400,Dry,419,17.84
E. radiata,2012/05/11,47,Elv,400,Dry,420,17.31
E. radiata,2012/05/11,47,Amb,400,Wet,501,21.89
E. radiata,2012/05/11,47,Amb,400,Dry,502,18.27
E. radiata,2012/05/11,47,Amb,400,Dry,504,18.03
E. radiata,2012/05/11,47,Amb,400,Dry,506,18.46
E. radiata,2012/05/11,47,Amb,400,Wet,507,21.36
E. radiata,2012/05/11,47,Amb,400,Dry,508,18.01
E. radiata,2012/05/11,47,Amb,400,Dry,509,18.27
E. radiata,2012/05/11,47,Amb,400,Dry,510,18.16
E. radiata,2012/05/11,47,Amb,400,Wet,511,20.66
E. radiata,2012/05/11,47,Amb,400,Wet,512,21.78
E. radiata,2012/05/11,47,Amb,400,Dry,513,18.53
E. radiata,2012/05/11,47,Amb,400,Wet,515,21.39
E. radiata,2012/05/11,47,Amb,400,Wet,516,21.15
E. radiata,2012/05/11,47,Amb,400,Dry,517,19.14
E. radiata,2012/05/11,47,Amb,400,Dry,518,18.74
E. radiata,2012/05/11,47,Amb,400,Dry,519,17.93
E. radiata,2012/05/11,47,Amb,400,Wet,520,21.26
E. radiata,2012/05/11,47,Amb,640,Dry,601,18.68
E. radiata,2012/05/11,47,Amb,640,Wet,602,20.81
E. radiata,2012/05/11,47,Amb,640,Wet,603,22.93
E. radiata,2012/05/11,47,Amb,640,Dry,604,18.33
E. radiata,2012/05/11,47,Amb,640,Wet,605,22.35
E. radiata,2012/05/11,47,Amb,640,Wet,606,22.60
E. radiata,2012/05/11,47,Amb,640,Dry,607,18.47
E. radiata,2012/05/11,47,Amb,640,Dry,608,18.89
E. radiata,2012/05/11,47,Amb,640,Wet,609,20.39
E. radiata,2012/05/11,47,Amb,640,Dry,610,17.98
E. radiata,2012/05/11,47,Amb,640,Dry,611,19.14
E. radiata,2012/05/11,47,Amb,640,Dry,614,19.30
E. radiata,2012/05/11,47,Amb,640,Dry,615,18.34
E. radiata,2012/05/11,47,Amb,640,Wet,616,22.17
E. radiata,2012/05/11,47,Amb,640,Dry,618,19.39
E. radiata,2012/05/11,47,Amb,640,Wet,619,20.26
E. radiata,2012/05/11,47,Amb,640,Dry,620,18.46
E. radiata,2012/05/13,49,Elv,640,Wet,301,18.50
E. radiata,2012/05/13,49,Elv,640,Wet,302,20.73
E. radiata,2012/05/13,49,Elv,640,Dry,303,18.28
E. radiata,2012/05/13,49,Elv,640,Dry,305,16.21
E. radiata,2012/05/13,49,Elv,640,Dry,306,17.26
E. radiata,2012/05/13,49,Elv,640,Wet,307,22.58
E. radiata,2012/05/13,49,Elv,640,Wet,308,20.37
E. radiata,2012/05/13,49,Elv,640,Dry,309,15.82
E. radiata,2012/05/13,49,Elv,640,Wet,310,19.53
E. radiata,2012/05/13,49,Elv,640,Wet,311,20.99
E. radiata,2012/05/13,49,Elv,640,Dry,312,15.44
E. radiata,2012/05/13,49,Elv,640,Dry,313,14.51
E. radiata,2012/05/13,49,Elv,640,Dry,314,17.28
E. radiata,2012/05/13,49,Elv,640,Dry,317,16.11
E. radiata,2012/05/13,49,Elv,640,Dry,318,14.87
E. radiata,2012/05/13,49,Elv,640,Dry,319,14.87
E. radiata,2012/05/13,49,Elv,640,Wet,320,20.87
E. radiata,2012/05/13,49,Elv,400,Wet,401,18.68
E. radiata,2012/05/13,49,Elv,400,Wet,403,21.21
E. radiata,2012/05/13,49,Elv,400,Dry,404,15.67
E. radiata,2012/05/13,49,Elv,400,Wet,405,19.26
E. radiata,2012/05/13,49,Elv,400,Dry,406,15.66
E. radiata,2012/05/13,49,Elv,400,Dry,407,15.62
E. radiata,2012/05/13,49,Elv,400,Wet,408,19.32
E. radiata,2012/05/13,49,Elv,400,Dry,409,14.87
E. radiata,2012/05/13,49,Elv,400,Wet,410,19.50
E. radiata,2012/05/13,49,Elv,400,Dry,411,16.89
E. radiata,2012/05/13,49,Elv,400,Dry,412,16.29
E. radiata,2012/05/13,49,Elv,400,Dry,414,16.53
E. radiata,2012/05/13,49,Elv,400,Wet,415,19.45
E. radiata,2012/05/13,49,Elv,400,Wet,416,19.33
E. radiata,2012/05/13,49,Elv,400,Dry,417,12.82
E. radiata,2012/05/13,49,Elv,400,Dry,419,16.63
E. radiata,2012/05/13,49,Elv,400,Dry,420,15.72
E. radiata,2012/05/13,49,Amb,400,Wet,501,22.06
E. radiata,2012/05/13,49,Amb,400,Dry,502,17.18
E. radiata,2012/05/13,49,Amb,400,Dry,504,16.79
E. radiata,2012/05/13,49,Amb,400,Dry,506,17.22
E. radiata,2012/05/13,49,Amb,400,Wet,507,21.91
E. radiata,2012/05/13,49,Amb,400,Dry,508,16.99
E. radiata,2012/05/13,49,Amb,400,Dry,509,17.29
E. radiata,2012/05/13,49,Amb,400,Dry,510,17.25
E. radiata,2012/05/13,49,Amb,400,Wet,511,21.19
E. radiata,2012/05/13,49,Amb,400,Wet,512,21.73
E. radiata,2012/05/13,49,Amb,400,Dry,513,17.52
E. radiata,2012/05/13,49,Amb,400,Wet,515,21.80
E. radiata,2012/05/13,49,Amb,400,Wet,516,21.37
E. radiata,2012/05/13,49,Amb,400,Dry,517,18.05
E. radiata,2012/05/13,49,Amb,400,Dry,518,17.92
E. radiata,2012/05/13,49,Amb,400,Dry,519,17.02
E. radiata,2012/05/13,49,Amb,400,Wet,520,21.16
E. radiata,2012/05/13,49,Amb,640,Dry,601,17.96
E. radiata,2012/05/13,49,Amb,640,Wet,602,20.91
E. radiata,2012/05/13,49,Amb,640,Wet,603,23.09
E. radiata,2012/05/13,49,Amb,640,Dry,604,17.24
E. radiata,2012/05/13,49,Amb,640,Wet,605,22.72
E. radiata,2012/05/13,49,Amb,640,Wet,606,21.73
E. radiata,2012/05/13,49,Amb,640,Dry,607,17.93
E. radiata,2012/05/13,49,Amb,640,Dry,608,17.59
E. radiata,2012/05/13,49,Amb,640,Wet,609,20.56
E. radiata,2012/05/13,49,Amb,640,Dry,610,16.85
E. radiata,2012/05/13,49,Amb,640,Dry,611,17.89
E. radiata,2012/05/13,49,Amb,640,Dry,614,18.24
E. radiata,2012/05/13,49,Amb,640,Dry,615,17.34
E. radiata,2012/05/13,49,Amb,640,Wet,616,22.52
E. radiata,2012/05/13,49,Amb,640,Dry,618,18.47
E. radiata,2012/05/13,49,Amb,640,Wet,619,20.89
E. radiata,2012/05/13,49,Amb,640,Dry,620,17.52
E. radiata,2012/05/16,52,Elv,640,Wet,301,14.14
E. radiata,2012/05/16,52,Elv,640,Wet,302,19.23
E. radiata,2012/05/16,52,Elv,640,Dry,303,15.07
E. radiata,2012/05/16,52,Elv,640,Dry,305,12.74
E. radiata,2012/05/16,52,Elv,640,Dry,306,13.70
E. radiata,2012/05/16,52,Elv,640,Wet,307,20.23
E. radiata,2012/05/16,52,Elv,640,Wet,308,16.28
E. radiata,2012/05/16,52,Elv,640,Dry,309,11.41
E. radiata,2012/05/16,52,Elv,640,Wet,310,15.99
E. radiata,2012/05/16,52,Elv,640,Wet,311,18.29
E. radiata,2012/05/16,52,Elv,640,Dry,312,12.49
E. radiata,2012/05/16,52,Elv,640,Dry,313,11.28
E. radiata,2012/05/16,52,Elv,640,Dry,314,14.03
E. radiata,2012/05/16,52,Elv,640,Dry,317,12.70
E. radiata,2012/05/16,52,Elv,640,Dry,318,12.44
E. radiata,2012/05/16,52,Elv,640,Dry,319,12.28
E. radiata,2012/05/16,52,Elv,640,Wet,320,17.36
E. radiata,2012/05/16,52,Elv,400,Wet,401,16.23
E. radiata,2012/05/16,52,Elv,400,Wet,403,18.62
E. radiata,2012/05/16,52,Elv,400,Dry,404,12.15
E. radiata,2012/05/16,52,Elv,400,Wet,405,15.94
E. radiata,2012/05/16,52,Elv,400,Dry,406,12.34
E. radiata,2012/05/16,52,Elv,400,Dry,407,12.05
E. radiata,2012/05/16,52,Elv,400,Wet,408,15.59
E. radiata,2012/05/16,52,Elv,400,Dry,409,13.43
E. radiata,2012/05/16,52,Elv,400,Wet,410,15.61
E. radiata,2012/05/16,52,Elv,400,Dry,411,14.16
E. radiata,2012/05/16,52,Elv,400,Dry,412,12.97
E. radiata,2012/05/16,52,Elv,400,Dry,414,12.86
E. radiata,2012/05/16,52,Elv,400,Wet,415,15.36
E. radiata,2012/05/16,52,Elv,400,Wet,416,15.62
E. radiata,2012/05/16,52,Elv,400,Dry,417,9.00
E. radiata,2012/05/16,52,Elv,400,Dry,419,12.88
E. radiata,2012/05/16,52,Elv,400,Dry,420,12.10
E. radiata,2012/05/16,52,Amb,400,Wet,501,21.30
E. radiata,2012/05/16,52,Amb,400,Dry,502,14.68
E. radiata,2012/05/16,52,Amb,400,Dry,504,14.40
E. radiata,2012/05/16,52,Amb,400,Dry,506,14.17
E. radiata,2012/05/16,52,Amb,400,Wet,507,20.22
E. radiata,2012/05/16,52,Amb,400,Dry,508,14.02
E. radiata,2012/05/16,52,Amb,400,Dry,509,14.54
E. radiata,2012/05/16,52,Amb,400,Dry,510,14.78
E. radiata,2012/05/16,52,Amb,400,Wet,511,19.16
E. radiata,2012/05/16,52,Amb,400,Wet,512,20.10
E. radiata,2012/05/16,52,Amb,400,Dry,513,15.27
E. radiata,2012/05/16,52,Amb,400,Wet,515,20.63
E. radiata,2012/05/16,52,Amb,400,Wet,516,19.62
E. radiata,2012/05/16,52,Amb,400,Dry,517,15.93
E. radiata,2012/05/16,52,Amb,400,Dry,518,15.29
E. radiata,2012/05/16,52,Amb,400,Dry,519,14.44
E. radiata,2012/05/16,52,Amb,400,Wet,520,19.37
E. radiata,2012/05/16,52,Amb,640,Dry,601,14.75
E. radiata,2012/05/16,52,Amb,640,Wet,602,18.44
E. radiata,2012/05/16,52,Amb,640,Wet,603,21.60
E. radiata,2012/05/16,52,Amb,640,Dry,604,14.30
E. radiata,2012/05/16,52,Amb,640,Wet,605,21.26
E. radiata,2012/05/16,52,Amb,640,Wet,606,19.84
E. radiata,2012/05/16,52,Amb,640,Dry,607,15.22
E. radiata,2012/05/16,52,Amb,640,Dry,608,14.94
E. radiata,2012/05/16,52,Amb,640,Wet,609,18.03
E. radiata,2012/05/16,52,Amb,640,Dry,610,13.54
E. radiata,2012/05/16,52,Amb,640,Dry,611,15.20
E. radiata,2012/05/16,52,Amb,640,Dry,614,15.72
E. radiata,2012/05/16,52,Amb,640,Dry,615,14.16
E. radiata,2012/05/16,52,Amb,640,Wet,616,20.83
E. radiata,2012/05/16,52,Amb,640,Dry,618,16.05
E. radiata,2012/05/16,52,Amb,640,Wet,619,19.14
E. radiata,2012/05/16,52,Amb,640,Dry,620,15.02
E. radiata,2012/05/18,54,Elv,640,Wet,301,17.70
E. radiata,2012/05/18,54,Elv,640,Wet,302,20.75
E. radiata,2012/05/18,54,Elv,640,Dry,303,14.45
E. radiata,2012/05/18,54,Elv,640,Dry,305,13.85
E. radiata,2012/05/18,54,Elv,640,Dry,306,14.15
E. radiata,2012/05/18,54,Elv,640,Wet,307,21.04
E. radiata,2012/05/18,54,Elv,640,Wet,308,19.38
E. radiata,2012/05/18,54,Elv,640,Dry,309,12.64
E. radiata,2012/05/18,54,Elv,640,Wet,310,19.34
E. radiata,2012/05/18,54,Elv,640,Wet,311,20.58
E. radiata,2012/05/18,54,Elv,640,Dry,312,13.22
E. radiata,2012/05/18,54,Elv,640,Dry,313,13.91
E. radiata,2012/05/18,54,Elv,640,Dry,314,13.75
E. radiata,2012/05/18,54,Elv,640,Dry,317,13.10
E. radiata,2012/05/18,54,Elv,640,Dry,318,14.10
E. radiata,2012/05/18,54,Elv,640,Dry,319,14.45
E. radiata,2012/05/18,54,Elv,640,Wet,320,19.64
E. radiata,2012/05/18,54,Elv,400,Wet,401,19.37
E. radiata,2012/05/18,54,Elv,400,Wet,403,20.54
E. radiata,2012/05/18,54,Elv,400,Dry,404,13.78
E. radiata,2012/05/18,54,Elv,400,Wet,405,19.08
E. radiata,2012/05/18,54,Elv,400,Dry,406,12.88
E. radiata,2012/05/18,54,Elv,400,Dry,407,12.94
E. radiata,2012/05/18,54,Elv,400,Wet,408,19.01
E. radiata,2012/05/18,54,Elv,400,Dry,409,14.24
E. radiata,2012/05/18,54,Elv,400,Wet,410,19.39
E. radiata,2012/05/18,54,Elv,400,Dry,411,14.46
E. radiata,2012/05/18,54,Elv,400,Dry,412,13.58
E. radiata,2012/05/18,54,Elv,400,Dry,414,12.98
E. radiata,2012/05/18,54,Elv,400,Wet,415,18.97
E. radiata,2012/05/18,54,Elv,400,Wet,416,18.51
E. radiata,2012/05/18,54,Elv,400,Dry,417,11.89
E. radiata,2012/05/18,54,Elv,400,Dry,419,13.64
E. radiata,2012/05/18,54,Elv,400,Dry,420,12.96
E. radiata,2012/05/18,54,Amb,400,Wet,501,22.03
E. radiata,2012/05/18,54,Amb,400,Dry,502,14.01
E. radiata,2012/05/18,54,Amb,400,Dry,504,13.66
E. radiata,2012/05/18,54,Amb,400,Dry,506,13.87
E. radiata,2012/05/18,54,Amb,400,Wet,507,21.54
E. radiata,2012/05/18,54,Amb,400,Dry,508,13.56
E. radiata,2012/05/18,54,Amb,400,Dry,509,13.81
E. radiata,2012/05/18,54,Amb,400,Dry,510,14.30
E. radiata,2012/05/18,54,Amb,400,Wet,511,20.58
E. radiata,2012/05/18,54,Amb,400,Wet,512,21.57
E. radiata,2012/05/18,54,Amb,400,Dry,513,14.73
E. radiata,2012/05/18,54,Amb,400,Wet,515,21.59
E. radiata,2012/05/18,54,Amb,400,Wet,516,20.72
E. radiata,2012/05/18,54,Amb,400,Dry,517,14.97
E. radiata,2012/05/18,54,Amb,400,Dry,518,14.85
E. radiata,2012/05/18,54,Amb,400,Dry,519,13.85
E. radiata,2012/05/18,54,Amb,400,Wet,520,20.63
E. radiata,2012/05/18,54,Amb,640,Dry,601,14.40
E. radiata,2012/05/18,54,Amb,640,Wet,602,20.66
E. radiata,2012/05/18,54,Amb,640,Wet,603,22.58
E. radiata,2012/05/18,54,Amb,640,Dry,604,13.95
E. radiata,2012/05/18,54,Amb,640,Wet,605,22.33
E. radiata,2012/05/18,54,Amb,640,Wet,606,21.12
E. radiata,2012/05/18,54,Amb,640,Dry,607,14.30
E. radiata,2012/05/18,54,Amb,640,Dry,608,14.31
E. radiata,2012/05/18,54,Amb,640,Wet,609,20.08
E. radiata,2012/05/18,54,Amb,640,Dry,610,13.91
E. radiata,2012/05/18,54,Amb,640,Dry,611,14.72
E. radiata,2012/05/18,54,Amb,640,Dry,614,15.02
E. radiata,2012/05/18,54,Amb,640,Dry,615,14.14
E. radiata,2012/05/18,54,Amb,640,Wet,616,22.25
E. radiata,2012/05/18,54,Amb,640,Dry,618,15.42
E. radiata,2012/05/18,54,Amb,640,Wet,619,21.05
E. radiata,2012/05/18,54,Amb,640,Dry,620,15.22
E. radiata,2012/05/20,56,Elv,640,Wet,301,18.36
E. radiata,2012/05/20,56,Elv,640,Wet,302,21.03
E. radiata,2012/05/20,56,Elv,640,Dry,303,13.40
E. radiata,2012/05/20,56,Elv,640,Dry,305,12.44
E. radiata,2012/05/20,56,Elv,640,Dry,306,12.68
E. radiata,2012/05/20,56,Elv,640,Wet,307,21.13
E. radiata,2012/05/20,56,Elv,640,Wet,308,19.29
E. radiata,2012/05/20,56,Elv,640,Dry,309,11.34
E. radiata,2012/05/20,56,Elv,640,Wet,310,19.16
E. radiata,2012/05/20,56,Elv,640,Wet,311,20.62
E. radiata,2012/05/20,56,Elv,640,Dry,312,12.10
E. radiata,2012/05/20,56,Elv,640,Dry,313,11.23
E. radiata,2012/05/20,56,Elv,640,Dry,314,12.56
E. radiata,2012/05/20,56,Elv,640,Dry,317,11.77
E. radiata,2012/05/20,56,Elv,640,Dry,318,12.52
E. radiata,2012/05/20,56,Elv,640,Dry,319,12.24
E. radiata,2012/05/20,56,Elv,640,Wet,320,19.90
E. radiata,2012/05/20,56,Elv,400,Wet,401,19.70
E. radiata,2012/05/20,56,Elv,400,Wet,403,20.38
E. radiata,2012/05/20,56,Elv,400,Dry,404,11.85
E. radiata,2012/05/20,56,Elv,400,Wet,405,18.73
E. radiata,2012/05/20,56,Elv,400,Dry,406,11.60
E. radiata,2012/05/20,56,Elv,400,Dry,407,11.41
E. radiata,2012/05/20,56,Elv,400,Wet,408,19.64
E. radiata,2012/05/20,56,Elv,400,Dry,409,13.37
E. radiata,2012/05/20,56,Elv,400,Wet,410,18.41
E. radiata,2012/05/20,56,Elv,400,Dry,411,13.67
E. radiata,2012/05/20,56,Elv,400,Dry,412,12.40
E. radiata,2012/05/20,56,Elv,400,Dry,414,11.89
E. radiata,2012/05/20,56,Elv,400,Wet,415,18.88
E. radiata,2012/05/20,56,Elv,400,Wet,416,18.83
E. radiata,2012/05/20,56,Elv,400,Dry,417,9.31
E. radiata,2012/05/20,56,Elv,400,Dry,419,12.16
E. radiata,2012/05/20,56,Elv,400,Dry,420,11.33
E. radiata,2012/05/20,56,Amb,400,Wet,501,22.12
E. radiata,2012/05/20,56,Amb,400,Dry,502,12.87
E. radiata,2012/05/20,56,Amb,400,Dry,504,12.82
E. radiata,2012/05/20,56,Amb,400,Dry,506,13.04
E. radiata,2012/05/20,56,Amb,400,Wet,507,22.10
E. radiata,2012/05/20,56,Amb,400,Dry,508,12.65
E. radiata,2012/05/20,56,Amb,400,Dry,509,12.86
E. radiata,2012/05/20,56,Amb,400,Dry,510,13.04
E. radiata,2012/05/20,56,Amb,400,Wet,511,21.24
E. radiata,2012/05/20,56,Amb,400,Wet,512,21.62
E. radiata,2012/05/20,56,Amb,400,Dry,513,13.68
E. radiata,2012/05/20,56,Amb,400,Wet,515,21.73
E. radiata,2012/05/20,56,Amb,400,Wet,516,21.03
E. radiata,2012/05/20,56,Amb,400,Dry,517,14.04
E. radiata,2012/05/20,56,Amb,400,Dry,518,13.51
E. radiata,2012/05/20,56,Amb,400,Dry,519,12.73
E. radiata,2012/05/20,56,Amb,400,Wet,520,21.21
E. radiata,2012/05/20,56,Amb,640,Dry,601,13.41
E. radiata,2012/05/20,56,Amb,640,Wet,602,20.93
E. radiata,2012/05/20,56,Amb,640,Wet,603,22.73
E. radiata,2012/05/20,56,Amb,640,Dry,604,13.19
E. radiata,2012/05/20,56,Amb,640,Wet,605,22.59
E. radiata,2012/05/20,56,Amb,640,Wet,606,21.84
E. radiata,2012/05/20,56,Amb,640,Dry,607,13.68
E. radiata,2012/05/20,56,Amb,640,Dry,608,13.27
E. radiata,2012/05/20,56,Amb,640,Wet,609,20.37
E. radiata,2012/05/20,56,Amb,640,Dry,610,12.76
E. radiata,2012/05/20,56,Amb,640,Dry,611,13.66
E. radiata,2012/05/20,56,Amb,640,Dry,614,13.95
E. radiata,2012/05/20,56,Amb,640,Dry,615,12.98
E. radiata,2012/05/20,56,Amb,640,Wet,616,22.37
E. radiata,2012/05/20,56,Amb,640,Dry,618,14.34
E. radiata,2012/05/20,56,Amb,640,Wet,619,21.57
E. radiata,2012/05/20,56,Amb,640,Dry,620,14.34
E. radiata,2012/05/23,59,Elv,640,Dry,303,9.59
E. radiata,2012/05/23,59,Elv,640,Dry,305,10.94
E. radiata,2012/05/23,59,Elv,640,Dry,306,10.29
E. radiata,2012/05/23,59,Elv,640,Dry,309,8.22
E. radiata,2012/05/23,59,Elv,640,Dry,312,10.65
E. radiata,2012/05/23,59,Elv,640,Dry,313,10.14
E. radiata,2012/05/23,59,Elv,640,Dry,314,10.98
E. radiata,2012/05/23,59,Elv,640,Dry,317,8.83
E. radiata,2012/05/23,59,Elv,640,Dry,318,11.66
E. radiata,2012/05/23,59,Elv,640,Dry,319,11.42
E. radiata,2012/05/23,59,Elv,400,Dry,404,10.95
E. radiata,2012/05/23,59,Elv,400,Dry,406,9.13
E. radiata,2012/05/23,59,Elv,400,Dry,407,9.44
E. radiata,2012/05/23,59,Elv,400,Dry,409,13.03
E. radiata,2012/05/23,59,Elv,400,Dry,411,11.72
E. radiata,2012/05/23,59,Elv,400,Dry,412,10.24
E. radiata,2012/05/23,59,Elv,400,Dry,414,8.82
E. radiata,2012/05/23,59,Elv,400,Dry,417,8.03
E. radiata,2012/05/23,59,Elv,400,Dry,419,9.36
E. radiata,2012/05/23,59,Elv,400,Dry,420,7.87
E. radiata,2012/05/23,59,Amb,400,Dry,502,9.01
E. radiata,2012/05/23,59,Amb,400,Dry,504,9.55
E. radiata,2012/05/23,59,Amb,400,Dry,506,9.09
E. radiata,2012/05/23,59,Amb,400,Dry,508,8.53
E. radiata,2012/05/23,59,Amb,400,Dry,509,9.59
E. radiata,2012/05/23,59,Amb,400,Dry,510,9.53
E. radiata,2012/05/23,59,Amb,400,Dry,513,10.00
E. radiata,2012/05/23,59,Amb,400,Dry,517,10.58
E. radiata,2012/05/23,59,Amb,400,Dry,518,9.66
E. radiata,2012/05/23,59,Amb,400,Dry,519,9.05
E. radiata,2012/05/23,59,Amb,640,Dry,601,10.16
E. radiata,2012/05/23,59,Amb,640,Dry,604,9.25
E. radiata,2012/05/23,59,Amb,640,Dry,607,9.90
E. radiata,2012/05/23,59,Amb,640,Dry,608,9.42
E. radiata,2012/05/23,59,Amb,640,Dry,610,9.00
E. radiata,2012/05/23,59,Amb,640,Dry,611,9.78
E. radiata,2012/05/23,59,Amb,640,Dry,614,10.29
E. radiata,2012/05/23,59,Amb,640,Dry,615,8.91
E. radiata,2012/05/23,59,Amb,640,Dry,618,10.90
E. radiata,2012/05/23,59,Amb,640,Dry,620,13.02
E. radiata,2012/05/27,63,Elv,640,Dry,303,8.30
E. radiata,2012/05/27,63,Elv,640,Dry,305,10.31
E. radiata,2012/05/27,63,Elv,640,Dry,306,9.85
E. radiata,2012/05/27,63,Elv,640,Dry,309,6.55
E. radiata,2012/05/27,63,Elv,640,Dry,312,10.57
E. radiata,2012/05/27,63,Elv,640,Dry,313,9.65
E. radiata,2012/05/27,63,Elv,640,Dry,314,6.79
E. radiata,2012/05/27,63,Elv,640,Dry,317,8.25
E. radiata,2012/05/27,63,Elv,640,Dry,318,10.86
E. radiata,2012/05/27,63,Elv,640,Dry,319,10.67
E. radiata,2012/05/27,63,Elv,400,Dry,404,10.32
E. radiata,2012/05/27,63,Elv,400,Dry,406,8.68
E. radiata,2012/05/27,63,Elv,400,Dry,407,8.90
E. radiata,2012/05/27,63,Elv,400,Dry,409,12.42
E. radiata,2012/05/27,63,Elv,400,Dry,411,11.13
E. radiata,2012/05/27,63,Elv,400,Dry,412,9.70
E. radiata,2012/05/27,63,Elv,400,Dry,414,8.42
E. radiata,2012/05/27,63,Elv,400,Dry,417,7.44
E. radiata,2012/05/27,63,Elv,400,Dry,419,9.03
E. radiata,2012/05/27,63,Elv,400,Dry,420,6.38
E. radiata,2012/05/27,63,Amb,400,Dry,502,8.00
E. radiata,2012/05/27,63,Amb,400,Dry,504,9.46
E. radiata,2012/05/27,63,Amb,400,Dry,506,8.14
E. radiata,2012/05/27,63,Amb,400,Dry,508,8.02
E. radiata,2012/05/27,63,Amb,400,Dry,509,9.36
E. radiata,2012/05/27,63,Amb,400,Dry,510,9.32
E. radiata,2012/05/27,63,Amb,400,Dry,513,9.19
E. radiata,2012/05/27,63,Amb,400,Dry,517,9.26
E. radiata,2012/05/27,63,Amb,400,Dry,518,8.26
E. radiata,2012/05/27,63,Amb,400,Dry,519,8.49
E. radiata,2012/05/27,63,Amb,640,Dry,601,8.67
E. radiata,2012/05/27,63,Amb,640,Dry,604,8.33
E. radiata,2012/05/27,63,Amb,640,Dry,607,9.20
E. radiata,2012/05/27,63,Amb,640,Dry,608,9.06
E. radiata,2012/05/27,63,Amb,640,Dry,610,8.35
E. radiata,2012/05/27,63,Amb,640,Dry,611,8.86
E. radiata,2012/05/27,63,Amb,640,Dry,614,8.15
E. radiata,2012/05/27,63,Amb,640,Dry,615,8.77
E. radiata,2012/05/27,63,Amb,640,Dry,618,9.54
E. radiata,2012/05/27,63,Amb,640,Dry,620,12.29
E. radiata,2012/05/30,66,Elv,640,Wet,301,11.57
E. radiata,2012/05/30,66,Elv,640,Wet,302,18.56
E. radiata,2012/05/30,66,Elv,640,Dry,303,8.74
E. radiata,2012/05/30,66,Elv,640,Dry,305,10.42
E. radiata,2012/05/30,66,Elv,640,Dry,306,10.06
E. radiata,2012/05/30,66,Elv,640,Wet,307,21.75
E. radiata,2012/05/30,66,Elv,640,Wet,308,16.73
E. radiata,2012/05/30,66,Elv,640,Dry,309,10.94
E. radiata,2012/05/30,66,Elv,640,Wet,310,18.13
E. radiata,2012/05/30,66,Elv,640,Wet,311,19.61
E. radiata,2012/05/30,66,Elv,640,Dry,312,9.75
E. radiata,2012/05/30,66,Elv,640,Dry,313,9.83
E. radiata,2012/05/30,66,Elv,640,Dry,314,7.95
E. radiata,2012/05/30,66,Elv,640,Dry,317,8.42
E. radiata,2012/05/30,66,Elv,640,Dry,318,11.10
E. radiata,2012/05/30,66,Elv,640,Dry,319,10.92
E. radiata,2012/05/30,66,Elv,640,Wet,320,17.70
E. radiata,2012/05/30,66,Elv,400,Wet,401,14.79
E. radiata,2012/05/30,66,Elv,400,Wet,403,18.22
E. radiata,2012/05/30,66,Elv,400,Dry,404,10.42
E. radiata,2012/05/30,66,Elv,400,Wet,405,18.92
E. radiata,2012/05/30,66,Elv,400,Dry,406,8.68
E. radiata,2012/05/30,66,Elv,400,Dry,407,8.92
E. radiata,2012/05/30,66,Elv,400,Wet,408,12.76
E. radiata,2012/05/30,66,Elv,400,Dry,409,12.46
E. radiata,2012/05/30,66,Elv,400,Wet,410,19.45
E. radiata,2012/05/30,66,Elv,400,Dry,411,11.02
E. radiata,2012/05/30,66,Elv,400,Dry,412,9.67
E. radiata,2012/05/30,66,Elv,400,Dry,414,8.59
E. radiata,2012/05/30,66,Elv,400,Wet,415,21.36
E. radiata,2012/05/30,66,Elv,400,Wet,416,11.72
E. radiata,2012/05/30,66,Elv,400,Dry,417,7.69
E. radiata,2012/05/30,66,Elv,400,Dry,419,9.00
E. radiata,2012/05/30,66,Elv,400,Dry,420,6.91
E. radiata,2012/05/30,66,Amb,400,Wet,501,23.58
E. radiata,2012/05/30,66,Amb,400,Dry,502,8.74
E. radiata,2012/05/30,66,Amb,400,Dry,504,9.50
E. radiata,2012/05/30,66,Amb,400,Dry,506,9.00
E. radiata,2012/05/30,66,Amb,400,Wet,507,22.65
E. radiata,2012/05/30,66,Amb,400,Dry,508,8.71
E. radiata,2012/05/30,66,Amb,400,Dry,509,9.50
E. radiata,2012/05/30,66,Amb,400,Dry,510,9.60
E. radiata,2012/05/30,66,Amb,400,Wet,511,21.62
E. radiata,2012/05/30,66,Amb,400,Wet,512,22.38
E. radiata,2012/05/30,66,Amb,400,Dry,513,9.58
E. radiata,2012/05/30,66,Amb,400,Wet,515,23.05
E. radiata,2012/05/30,66,Amb,400,Wet,516,20.54
E. radiata,2012/05/30,66,Amb,400,Dry,517,9.27
E. radiata,2012/05/30,66,Amb,400,Dry,518,8.35
E. radiata,2012/05/30,66,Amb,400,Dry,519,8.82
E. radiata,2012/05/30,66,Amb,400,Wet,520,21.02
E. radiata,2012/05/30,66,Amb,640,Dry,601,9.38
E. radiata,2012/05/30,66,Amb,640,Wet,602,17.25
E. radiata,2012/05/30,66,Amb,640,Wet,603,23.28
E. radiata,2012/05/30,66,Amb,640,Dry,604,9.00
E. radiata,2012/05/30,66,Amb,640,Wet,605,22.91
E. radiata,2012/05/30,66,Amb,640,Wet,606,22.27
E. radiata,2012/05/30,66,Amb,640,Dry,607,9.89
E. radiata,2012/05/30,66,Amb,640,Dry,608,9.40
E. radiata,2012/05/30,66,Amb,640,Wet,609,16.83
E. radiata,2012/05/30,66,Amb,640,Dry,610,8.76
E. radiata,2012/05/30,66,Amb,640,Dry,611,9.41
E. radiata,2012/05/30,66,Amb,640,Dry,614,8.54
E. radiata,2012/05/30,66,Amb,640,Dry,615,8.83
E. radiata,2012/05/30,66,Amb,640,Wet,616,22.37
E. radiata,2012/05/30,66,Amb,640,Dry,618,9.33
E. radiata,2012/05/30,66,Amb,640,Wet,619,20.17
E. radiata,2012/05/30,66,Amb,640,Dry,620,11.89
E. radiata,2012/06/01,68,Elv,640,Wet,301,17.12
E. radiata,2012/06/01,68,Elv,640,Wet,302,19.05
E. radiata,2012/06/01,68,Elv,640,Dry,303,8.83
E. radiata,2012/06/01,68,Elv,640,Dry,305,10.54
E. radiata,2012/06/01,68,Elv,640,Dry,306,10.31
E. radiata,2012/06/01,68,Elv,640,Wet,307,20.08
E. radiata,2012/06/01,68,Elv,640,Wet,308,18.17
E. radiata,2012/06/01,68,Elv,640,Dry,309,10.19
E. radiata,2012/06/01,68,Elv,640,Wet,310,18.17
E. radiata,2012/06/01,68,Elv,640,Wet,311,19.32
E. radiata,2012/06/01,68,Elv,640,Dry,312,9.96
E. radiata,2012/06/01,68,Elv,640,Dry,313,10.18
E. radiata,2012/06/01,68,Elv,640,Dry,314,8.21
E. radiata,2012/06/01,68,Elv,640,Dry,317,8.65
E. radiata,2012/06/01,68,Elv,640,Dry,318,10.72
E. radiata,2012/06/01,68,Elv,640,Dry,319,10.47
E. radiata,2012/06/01,68,Elv,640,Wet,320,19.11
E. radiata,2012/06/01,68,Elv,400,Wet,401,18.46
E. radiata,2012/06/01,68,Elv,400,Wet,403,19.91
E. radiata,2012/06/01,68,Elv,400,Dry,404,10.57
E. radiata,2012/06/01,68,Elv,400,Wet,405,19.39
E. radiata,2012/06/01,68,Elv,400,Dry,406,8.91
E. radiata,2012/06/01,68,Elv,400,Dry,407,9.41
E. radiata,2012/06/01,68,Elv,400,Wet,408,18.03
E. radiata,2012/06/01,68,Elv,400,Dry,409,12.42
E. radiata,2012/06/01,68,Elv,400,Wet,410,17.78
E. radiata,2012/06/01,68,Elv,400,Dry,411,10.67
E. radiata,2012/06/01,68,Elv,400,Dry,412,9.72
E. radiata,2012/06/01,68,Elv,400,Dry,414,8.78
E. radiata,2012/06/01,68,Elv,400,Wet,415,17.98
E. radiata,2012/06/01,68,Elv,400,Wet,416,16.14
E. radiata,2012/06/01,68,Elv,400,Dry,417,8.41
E. radiata,2012/06/01,68,Elv,400,Dry,419,9.52
E. radiata,2012/06/01,68,Elv,400,Dry,420,7.13
E. radiata,2012/06/01,68,Amb,400,Wet,501,22.19
E. radiata,2012/06/01,68,Amb,400,Dry,502,8.25
E. radiata,2012/06/01,68,Amb,400,Dry,504,9.44
E. radiata,2012/06/01,68,Amb,400,Dry,506,8.68
E. radiata,2012/06/01,68,Amb,400,Wet,507,21.84
E. radiata,2012/06/01,68,Amb,400,Dry,508,8.15
E. radiata,2012/06/01,68,Amb,400,Dry,509,9.53
E. radiata,2012/06/01,68,Amb,400,Dry,510,9.41
E. radiata,2012/06/01,68,Amb,400,Wet,511,21.61
E. radiata,2012/06/01,68,Amb,400,Wet,512,21.24
E. radiata,2012/06/01,68,Amb,400,Dry,513,9.56
E. radiata,2012/06/01,68,Amb,400,Wet,515,21.92
E. radiata,2012/06/01,68,Amb,400,Wet,516,20.51
E. radiata,2012/06/01,68,Amb,400,Dry,517,9.13
E. radiata,2012/06/01,68,Amb,400,Dry,518,8.94
E. radiata,2012/06/01,68,Amb,400,Dry,519,8.57
E. radiata,2012/06/01,68,Amb,400,Wet,520,20.66
E. radiata,2012/06/01,68,Amb,640,Dry,601,9.00
E. radiata,2012/06/01,68,Amb,640,Wet,602,20.35
E. radiata,2012/06/01,68,Amb,640,Wet,603,22.06
E. radiata,2012/06/01,68,Amb,640,Dry,604,8.71
E. radiata,2012/06/01,68,Amb,640,Wet,605,22.03
E. radiata,2012/06/01,68,Amb,640,Wet,606,21.42
E. radiata,2012/06/01,68,Amb,640,Dry,607,9.24
E. radiata,2012/06/01,68,Amb,640,Dry,608,9.29
E. radiata,2012/06/01,68,Amb,640,Wet,609,19.92
E. radiata,2012/06/01,68,Amb,640,Dry,610,8.66
E. radiata,2012/06/01,68,Amb,640,Dry,611,9.12
E. radiata,2012/06/01,68,Amb,640,Dry,614,8.67
E. radiata,2012/06/01,68,Amb,640,Dry,615,8.82
E. radiata,2012/06/01,68,Amb,640,Wet,616,21.91
E. radiata,2012/06/01,68,Amb,640,Dry,618,9.17
E. radiata,2012/06/01,68,Amb,640,Wet,619,19.87
E. radiata,2012/06/01,68,Amb,640,Dry,620,11.89
E. radiata,2012/06/03,70,Elv,640,Wet,301,19.63
E. radiata,2012/06/03,70,Elv,640,Wet,302,20.79
E. radiata,2012/06/03,70,Elv,640,Dry,303,9.29
E. radiata,2012/06/03,70,Elv,640,Dry,305,10.30
E. radiata,2012/06/03,70,Elv,640,Dry,306,9.78
E. radiata,2012/06/03,70,Elv,640,Wet,307,21.75
E. radiata,2012/06/03,70,Elv,640,Wet,308,21.90
E. radiata,2012/06/03,70,Elv,640,Dry,309,9.88
E. radiata,2012/06/03,70,Elv,640,Wet,310,21.61
E. radiata,2012/06/03,70,Elv,640,Wet,311,22.09
E. radiata,2012/06/03,70,Elv,640,Dry,312,9.73
E. radiata,2012/06/03,70,Elv,640,Dry,313,9.70
E. radiata,2012/06/03,70,Elv,640,Dry,314,8.63
E. radiata,2012/06/03,70,Elv,640,Dry,317,9.29
E. radiata,2012/06/03,70,Elv,640,Dry,318,10.47
E. radiata,2012/06/03,70,Elv,640,Dry,319,10.18
E. radiata,2012/06/03,70,Elv,640,Wet,320,20.84
E. radiata,2012/06/03,70,Elv,400,Wet,401,21.98
E. radiata,2012/06/03,70,Elv,400,Wet,403,22.54
E. radiata,2012/06/03,70,Elv,400,Dry,404,10.07
E. radiata,2012/06/03,70,Elv,400,Wet,405,20.86
E. radiata,2012/06/03,70,Elv,400,Dry,406,9.30
E. radiata,2012/06/03,70,Elv,400,Dry,407,9.32
E. radiata,2012/06/03,70,Elv,400,Wet,408,19.72
E. radiata,2012/06/03,70,Elv,400,Dry,409,12.33
E. radiata,2012/06/03,70,Elv,400,Wet,410,20.60
E. radiata,2012/06/03,70,Elv,400,Dry,411,10.41
E. radiata,2012/06/03,70,Elv,400,Dry,412,9.72
E. radiata,2012/06/03,70,Elv,400,Dry,414,9.29
E. radiata,2012/06/03,70,Elv,400,Wet,415,21.32
E. radiata,2012/06/03,70,Elv,400,Wet,416,19.96
E. radiata,2012/06/03,70,Elv,400,Dry,417,8.50
E. radiata,2012/06/03,70,Elv,400,Dry,419,9.33
E. radiata,2012/06/03,70,Elv,400,Dry,420,7.09
E. radiata,2012/06/03,70,Amb,400,Wet,501,24.01
E. radiata,2012/06/03,70,Amb,400,Dry,502,9.33
E. radiata,2012/06/03,70,Amb,400,Dry,504,9.68
E. radiata,2012/06/03,70,Amb,400,Dry,506,9.35
E. radiata,2012/06/03,70,Amb,400,Wet,507,23.07
E. radiata,2012/06/03,70,Amb,400,Dry,508,9.50
E. radiata,2012/06/03,70,Amb,400,Dry,509,9.64
E. radiata,2012/06/03,70,Amb,400,Dry,510,9.64
E. radiata,2012/06/03,70,Amb,400,Wet,511,23.25
E. radiata,2012/06/03,70,Amb,400,Wet,512,23.12
E. radiata,2012/06/03,70,Amb,400,Dry,513,9.60
E. radiata,2012/06/03,70,Amb,400,Wet,515,23.82
E. radiata,2012/06/03,70,Amb,400,Wet,516,23.01
E. radiata,2012/06/03,70,Amb,400,Dry,517,9.49
E. radiata,2012/06/03,70,Amb,400,Dry,518,9.09
E. radiata,2012/06/03,70,Amb,400,Dry,519,9.49
E. radiata,2012/06/03,70,Amb,400,Wet,520,22.99
E. radiata,2012/06/03,70,Amb,640,Dry,601,9.65
E. radiata,2012/06/03,70,Amb,640,Wet,602,22.91
E. radiata,2012/06/03,70,Amb,640,Wet,603,23.77
E. radiata,2012/06/03,70,Amb,640,Dry,604,9.58
E. radiata,2012/06/03,70,Amb,640,Wet,605,23.78
E. radiata,2012/06/03,70,Amb,640,Wet,606,23.82
E. radiata,2012/06/03,70,Amb,640,Dry,607,9.94
E. radiata,2012/06/03,70,Amb,640,Dry,608,9.66
E. radiata,2012/06/03,70,Amb,640,Wet,609,22.27
E. radiata,2012/06/03,70,Amb,640,Dry,610,9.53
E. radiata,2012/06/03,70,Amb,640,Dry,611,9.62
E. radiata,2012/06/03,70,Amb,640,Dry,614,9.19
E. radiata,2012/06/03,70,Amb,640,Dry,615,9.68
E. radiata,2012/06/03,70,Amb,640,Wet,616,23.40
E. radiata,2012/06/03,70,Amb,640,Dry,618,9.59
E. radiata,2012/06/03,70,Amb,640,Wet,619,23.42
E. radiata,2012/06/03,70,Amb,640,Dry,620,11.64
E. radiata,2012/06/10,77,Elv,640,Wet,301,17.96
E. radiata,2012/06/10,77,Elv,640,Dry,303,6.73
E. radiata,2012/06/10,77,Elv,640,Wet,308,22.52
E. radiata,2012/06/10,77,Elv,640,Dry,309,7.71
E. radiata,2012/06/10,77,Elv,640,Wet,311,22.79
E. radiata,2012/06/10,77,Elv,640,Dry,312,8.83
E. radiata,2012/06/10,77,Elv,640,Dry,314,5.63
E. radiata,2012/06/10,77,Elv,640,Dry,317,6.67
E. radiata,2012/06/10,77,Elv,640,Dry,318,9.91
E. radiata,2012/06/10,77,Elv,640,Dry,319,9.49
E. radiata,2012/06/10,77,Elv,640,Wet,320,22.38
E. radiata,2012/06/10,77,Elv,400,Wet,403,21.53
E. radiata,2012/06/10,77,Elv,400,Dry,404,9.19
E. radiata,2012/06/10,77,Elv,400,Wet,405,19.35
E. radiata,2012/06/10,77,Elv,400,Dry,406,7.43
E. radiata,2012/06/10,77,Elv,400,Wet,408,17.26
E. radiata,2012/06/10,77,Elv,400,Dry,409,11.27
E. radiata,2012/06/10,77,Elv,400,Dry,411,9.66
E. radiata,2012/06/10,77,Elv,400,Dry,412,8.27
E. radiata,2012/06/10,77,Elv,400,Dry,414,6.93
E. radiata,2012/06/10,77,Elv,400,Wet,416,17.74
E. radiata,2012/06/10,77,Elv,400,Dry,420,4.48
E. radiata,2012/06/10,77,Amb,400,Wet,501,24.98
E. radiata,2012/06/10,77,Amb,400,Dry,502,6.05
E. radiata,2012/06/10,77,Amb,400,Dry,504,7.89
E. radiata,2012/06/10,77,Amb,400,Dry,506,6.57
E. radiata,2012/06/10,77,Amb,400,Wet,507,24.58
E. radiata,2012/06/10,77,Amb,400,Dry,508,6.35
E. radiata,2012/06/10,77,Amb,400,Wet,515,24.58
E. radiata,2012/06/10,77,Amb,400,Dry,517,7.19
E. radiata,2012/06/10,77,Amb,400,Dry,518,6.14
E. radiata,2012/06/10,77,Amb,400,Dry,519,7.01
E. radiata,2012/06/10,77,Amb,400,Wet,520,24.07
E. radiata,2012/06/10,77,Amb,640,Dry,601,7.11
E. radiata,2012/06/10,77,Amb,640,Wet,602,24.16
E. radiata,2012/06/10,77,Amb,640,Wet,603,25.06
E. radiata,2012/06/10,77,Amb,640,Wet,605,24.80
E. radiata,2012/06/10,77,Amb,640,Dry,607,7.77
E. radiata,2012/06/10,77,Amb,640,Dry,610,6.97
E. radiata,2012/06/10,77,Amb,640,Dry,611,7.21
E. radiata,2012/06/10,77,Amb,640,Dry,614,5.33
E. radiata,2012/06/10,77,Amb,640,Dry,618,6.43
E. radiata,2012/06/10,77,Amb,640,Wet,619,23.99
E. radiata,2012/06/10,77,Amb,640,Dry,620,11.24
E. radiata,2012/06/19,86,Elv,640,Dry,303,22.29
E. radiata,2012/06/19,86,Elv,640,Dry,309,8.33
E. radiata,2012/06/19,86,Elv,640,Dry,312,5.13
E. radiata,2012/06/19,86,Elv,640,Dry,314,6.17
E. radiata,2012/06/19,86,Elv,640,Dry,317,9.41
E. radiata,2012/06/19,86,Elv,640,Dry,318,8.99
E. radiata,2012/06/19,86,Elv,640,Dry,319,21.88
E. radiata,2012/06/19,86,Elv,400,Dry,404,16.76
E. radiata,2012/06/19,86,Elv,400,Dry,406,10.77
E. radiata,2012/06/19,86,Elv,400,Dry,409,9.16
E. radiata,2012/06/19,86,Elv,400,Dry,411,7.77
E. radiata,2012/06/19,86,Elv,400,Dry,412,6.43
E. radiata,2012/06/19,86,Elv,400,Dry,414,17.24
E. radiata,2012/06/19,86,Elv,400,Dry,420,3.98
E. radiata,2012/06/19,86,Amb,400,Dry,502,24.08
E. radiata,2012/06/19,86,Amb,400,Dry,504,5.85
E. radiata,2012/06/19,86,Amb,400,Dry,506,24.08
E. radiata,2012/06/19,86,Amb,400,Dry,508,6.69
E. radiata,2012/06/19,86,Amb,400,Dry,517,5.64
E. radiata,2012/06/19,86,Amb,400,Dry,518,6.51
E. radiata,2012/06/19,86,Amb,400,Dry,519,23.57
E. radiata,2012/06/19,86,Amb,640,Dry,601,7.27
E. radiata,2012/06/19,86,Amb,640,Dry,607,6.47
E. radiata,2012/06/19,86,Amb,640,Dry,610,6.71
E. radiata,2012/06/19,86,Amb,640,Dry,611,4.83
E. radiata,2012/06/19,86,Amb,640,Dry,614,5.93
E. radiata,2012/06/19,86,Amb,640,Dry,618,23.49
E. radiata,2012/06/19,86,Amb,640,Dry,620,10.74
E. radiata,2012/06/26,93,Elv,640,Dry,303,21.79
E. radiata,2012/06/26,93,Elv,640,Dry,309,7.83
E. radiata,2012/06/26,93,Elv,640,Dry,312,4.63
E. radiata,2012/06/26,93,Elv,640,Dry,314,5.67
E. radiata,2012/06/26,93,Elv,640,Dry,317,8.91
E. radiata,2012/06/26,93,Elv,640,Dry,318,8.49
E. radiata,2012/06/26,93,Elv,640,Dry,319,21.38
E. radiata,2012/06/26,93,Elv,400,Dry,404,16.26
E. radiata,2012/06/26,93,Elv,400,Dry,406,10.27
E. radiata,2012/06/26,93,Elv,400,Dry,409,8.66
E. radiata,2012/06/26,93,Elv,400,Dry,411,7.27
E. radiata,2012/06/26,93,Elv,400,Dry,412,5.93
E. radiata,2012/06/26,93,Elv,400,Dry,414,16.74
E. radiata,2012/06/26,93,Elv,400,Dry,420,3.48
E. radiata,2012/06/26,93,Amb,400,Dry,502,23.58
E. radiata,2012/06/26,93,Amb,400,Dry,504,5.35
E. radiata,2012/06/26,93,Amb,400,Dry,506,23.58
E. radiata,2012/06/26,93,Amb,400,Dry,508,6.19
E. radiata,2012/06/26,93,Amb,400,Dry,517,5.14
E. radiata,2012/06/26,93,Amb,400,Dry,518,6.01
E. radiata,2012/06/26,93,Amb,400,Dry,519,23.07
E. radiata,2012/06/26,93,Amb,640,Dry,601,6.77
E. radiata,2012/06/26,93,Amb,640,Dry,607,5.97
E. radiata,2012/06/26,93,Amb,640,Dry,610,6.21
E. radiata,2012/06/26,93,Amb,640,Dry,611,4.33
E. radiata,2012/06/26,93,Amb,640,Dry,614,5.43
E. radiata,2012/06/26,93,Amb,640,Dry,618,22.99
E. radiata,2012/06/26,93,Amb,640,Dry,620,10.24
E. radiata,2012/07/09,106,Elv,640,Dry,303,21.29
E. radiata,2012/07/09,106,Elv,640,Dry,309,7.33
E. radiata,2012/07/09,106,Elv,640,Dry,312,4.13
E. radiata,2012/07/09,106,Elv,640,Dry,314,5.17
E. radiata,2012/07/09,106,Elv,640,Dry,317,8.41
E. radiata,2012/07/09,106,Elv,640,Dry,318,7.99
E. radiata,2012/07/09,106,Elv,640,Dry,319,20.88
E. radiata,2012/07/09,106,Elv,400,Dry,404,15.76
E. radiata,2012/07/09,106,Elv,400,Dry,406,9.77
E. radiata,2012/07/09,106,Elv,400,Dry,409,8.16
E. radiata,2012/07/09,106,Elv,400,Dry,411,6.77
E. radiata,2012/07/09,106,Elv,400,Dry,412,5.43
E. radiata,2012/07/09,106,Elv,400,Dry,414,16.24
E. radiata,2012/07/09,106,Elv,400,Dry,420,2.98
E. radiata,2012/07/09,106,Amb,400,Dry,502,23.08
E. radiata,2012/07/09,106,Amb,400,Dry,504,4.85
E. radiata,2012/07/09,106,Amb,400,Dry,506,23.08
E. radiata,2012/07/09,106,Amb,400,Dry,508,5.69
E. radiata,2012/07/09,106,Amb,400,Dry,517,4.64
E. radiata,2012/07/09,106,Amb,400,Dry,518,5.51
E. radiata,2012/07/09,106,Amb,400,Dry,519,22.57
E. radiata,2012/07/09,106,Amb,640,Dry,601,6.27
E. radiata,2012/07/09,106,Amb,640,Dry,607,5.47
E. radiata,2012/07/09,106,Amb,640,Dry,610,5.71
E. radiata,2012/07/09,106,Amb,640,Dry,611,3.83
E. radiata,2012/07/09,106,Amb,640,Dry,614,4.93
E. radiata,2012/07/09,106,Amb,640,Dry,618,22.49
E. radiata,2012/07/09,106,Amb,640,Dry,620,9.74
